Date,Open,High,Low,Close,Volume
2021-03-01,13.836088393397688,13.885948361591872,13.515241033932776,13.802931785583496,353184000
2021-03-02,13.861022191795023,13.881464889691356,13.358435763173416,13.368657112121582,264116000
2021-03-03,13.388598869860433,13.413777543276217,12.762858052083374,12.768841743469238,377592000
2021-03-04,12.764853610702268,12.938615575725441,12.04986423160692,12.33556079864502,573344000
2021-03-05,12.514804603359082,12.514804603359082,11.646496134063495,12.426552772521973,542840000
2021-03-08,12.415085459306246,12.43627563829937,11.534063017322843,11.560738563537598,543112000
2021-03-09,12.100408589821392,12.5857115477266,12.029583156574535,12.489449501037598,521824000
2021-03-10,12.808911083089319,12.948067565563633,12.42685387625009,12.437577247619629,384376000
2021-03-11,12.918141567568973,13.014155316080448,12.703171840009764,12.96153450012207,299916000
2021-03-12,12.617134944070317,12.857043763325269,12.559028764148305,12.824374198913574,243964000
2021-03-15,12.833100567176805,13.174259200116992,12.735840584975177,13.158797264099121,221988000
2021-03-16,13.323640516436615,13.479256868126042,13.084480431649451,13.258551597595215,272128000
2021-03-17,13.007672048190122,13.420154662329283,12.957545610939825,13.308430671691895,243864000
2021-03-18,13.104184222736647,13.151567029011133,12.685715853663865,12.691202163696289,293896000
2021-03-19,12.718635542098236,12.889713864876905,12.581473976517742,12.814149856567383,299208000
2021-03-22,12.880982909051182,13.361547266325193,12.874997152443814,13.153809547424316,297804000
2021-03-23,13.221640212354417,13.311668185976108,12.989213658903179,13.038592338562012,222048000
2021-03-24,13.118897393362214,13.126878086028931,12.605663414562246,12.611897468566895,245840000
2021-03-25,12.468751160231504,12.683471654533125,12.241810854541152,12.504412651062012,295144000
2021-03-26,12.523612577983327,12.824620384035123,12.343058124473357,12.807662010192871,363968000
2021-03-29,12.78871077199155,13.03036526004874,12.66875684725543,12.916396141052246,273520000
2021-03-30,12.810408344776906,12.943330782149033,12.673745284717413,12.84008502960205,200204000
2021-03-31,12.983478006224308,13.437358492652475,12.950559203804964,13.315409660339355,314776000
2021-04-01,13.5388611010894,13.835878123071739,13.47801034601489,13.777771949768066,308276000
2021-04-05,13.833385038729487,13.979524270576526,13.699215418219154,13.953089714050293,255672000
2021-04-06,13.965308533350179,14.019674081792544,13.739615448630643,13.827398300170898,191744000
2021-04-07,13.846602230892788,14.208459897547266,13.677769060228261,14.1087064743042,251284000
2021-04-08,14.217689256384576,14.435901140986724,14.21394768210418,14.281781196594238,244416000
2021-04-09,14.179033078443032,14.372556078838363,14.14012946049153,14.364575386047363,195172000
2021-04-12,14.254596031105418,15.314731433707978,14.104465977801848,15.171584129333496,869324000
2021-04-13,15.194027608780681,15.661375156600382,15.088537687934439,15.640925407409668,676212000
2021-04-14,15.586562476746503,15.681827538993751,15.19004028928494,15.239418983459473,385500000
2021-04-15,15.623968769706602,16.174361581809492,15.593044896398382,16.097551345825195,598480000
2021-04-16,16.01350646843604,16.12598008943115,15.826218501412095,15.873353004455566,335208000
2021-04-19,15.498279788357147,15.768613030073256,15.19552623110338,15.323959350585938,404420000
2021-04-20,15.285552882888071,15.458875362058153,14.926189618252145,15.133927345275879,334132000
2021-04-21,15.0815550200728,15.32470592597656,15.06509609224263,15.322710990905762,216776000
2021-04-22,15.33717668577237,15.400520875772711,14.747131525503809,14.81371784210205,277788000
2021-04-23,14.897510379080412,15.29727466051768,14.863594577488568,15.227696418762207,227500000
2021-04-26,15.147642935688191,15.440919322295558,15.087790126519275,15.439921379089355,197796000
2021-04-27,15.540172992599263,15.631946658407013,15.316724108516395,15.343907356262207,164572000
2021-04-28,15.326703691397503,15.494041387544131,15.178070060901838,15.239169120788574,209416000
2021-04-29,15.362114800935823,15.398524986163917,15.034423133882983,15.287050247192383,173196000
2021-04-30,15.137170190038917,15.327200854865179,14.960106128775966,14.972575187683105,201912000
2021-05-03,15.087788953016753,15.209239297695012,14.751119662695535,14.800248146057129,203912000
2021-05-04,14.6012413438704,14.601490591862607,13.975783949931254,14.31594467163086,405324000
2021-05-05,14.672815161485438,14.77705885779142,14.35210623381281,14.422931671142578,292024000
2021-05-06,14.459591465964824,14.535404719230742,14.183024162475034,14.487273216247559,193380000
2021-05-07,14.771819417961543,14.93391906739071,14.635654875272314,14.775809288024902,229328000
2021-05-10,14.750870418906874,14.769574480986956,14.214942578988863,14.230653762817383,268904000
2021-05-11,13.79098655645249,14.319433098252633,13.716171267079478,14.271052360534668,285584000
2021-05-12,13.975036189887499,14.225169885401517,13.67552570275034,13.724654197692871,303408000
2021-05-13,13.999225058319066,14.046110316134385,13.42588905794775,13.631631851196289,285404000
2021-05-14,13.855827943364837,14.29275009480988,13.714675592058635,14.207959175109863,258616000
2021-05-17,14.122173238813382,14.134393050426326,13.819420627888771,14.13065242767334,216980000
2021-05-18,14.231902974365962,14.368815282209768,13.969549474724266,13.981270790100098,186256000
2021-05-19,13.533123876129947,14.044862298330735,13.509931447897435,14.031146049499512,344000000
2021-05-20,14.267313661284234,14.647626114558799,14.23539279664413,14.57655143737793,321592000
2021-05-21,15.126448002011402,15.1845551375528,14.832922299304304,14.95487117767334,672992000
2021-05-24,15.175073252506618,15.706263442269936,15.138663074016822,15.573591232299805,554816000
2021-05-25,15.72721286252232,15.779583475638967,15.444410600364295,15.609253883361816,435408000
2021-05-26,15.69554295501756,15.754896323009897,15.547907279022002,15.661376953125,370440000
2021-05-27,15.661127835434264,15.711254271384014,15.42196772285293,15.449898719787598,581476000
2021-05-28,15.462866702379829,16.23745619906393,15.462866702379829,16.20453643798828,644536000
2021-06-01,16.229976473614617,16.347935473642835,15.864127958324758,16.224489212036133,472804000
2021-06-02,16.212269621300088,16.87713010157178,16.195560491961704,16.736974716186523,594168000
2021-06-03,16.659665958022718,17.21654307093119,16.54220545944608,16.928003311157227,580008000
2021-06-04,17.07040531567325,17.617556157162486,17.05344883764565,17.535011291503906,617120000
2021-06-07,17.528021981905518,17.768677543429288,17.150453185888143,17.575653076171875,575756000
2021-06-08,17.4841296925654,17.578147544430767,17.20855848653228,17.414052963256836,323848000
2021-06-09,17.476666914175155,17.535784584212863,17.21724683977424,17.319517135620117,381656000
2021-06-10,17.311284529275444,17.452967859710565,17.137673016665815,17.38611602783203,287772000
2021-06-11,17.44049548819086,17.89922071360538,17.40482582522779,17.78547477722168,416308000
2021-06-14,17.866046711104186,17.99924798169743,17.62333957825231,17.978544235229492,321376000
2021-06-15,17.87501904179377,17.97604277221346,17.688436105733807,17.74880027770996,243032000
2021-06-16,17.751054402065236,17.914688031036157,17.545263461195876,17.770509719848633,307124000
2021-06-17,17.734832506474874,18.792964979607603,17.71662372222767,18.615612030029297,809656000
2021-06-18,18.74208463201298,19.331765442705965,18.54253016298032,18.597158432006836,968856000
2021-06-21,18.394112856856477,18.495138525894447,17.782980352467526,18.386131286621094,672384000
2021-06-22,18.430282227083815,18.921434238935472,18.344972300218704,18.8446044921875,580144000
2021-06-23,18.96533947770567,19.11001641053207,18.865562217029083,19.014728546142578,332356000
2021-06-24,19.184842999806214,19.37666328306946,19.045652733544433,19.162641525268555,320924000
2021-06-25,19.237476542149953,19.302332029426786,18.852338209521378,18.98853302001953,278364000
2021-06-28,19.318042384046755,20.03394186005266,19.2758869909924,19.940401077270508,495436000
2021-06-29,19.838132408460762,20.053899319285392,19.61313549933401,19.9820613861084,367632000
2021-06-30,19.954623798999663,20.117509490168736,19.81942620130902,19.957866668701172,326568000
2021-07-01,20.080092966260256,20.41035374685743,19.974328596973308,20.166898727416992,480136000
2021-07-02,20.39463747913961,20.45949296291919,20.24247763436387,20.441282272338867,342764000
2021-07-06,20.691221944768234,20.795488562446426,20.30483712715848,20.65230941772461,446708000
2021-07-07,20.806959730888135,20.82841138200771,20.286623974810293,20.326284408569336,418428000
2021-07-08,19.81219121733982,20.088073010027667,19.656788496494755,19.85833740234375,503300000
2021-07-09,19.91795284925319,20.035440254937832,19.71016751816278,20.00550651550293,296624000
2021-07-12,20.194833408061367,20.48692953104882,20.142700097359224,20.466726303100586,321984000
2021-07-13,20.354980357703976,20.415595767317473,20.069120590436885,20.204816818237305,290708000
2021-07-14,20.312320711528482,20.37218628598519,19.708671252768255,19.797222137451172,380100000
2021-07-15,19.767541563589802,19.802712615853245,18.81641780631907,18.923927307128906,550564000
2021-07-16,18.988030726422647,19.11424759877164,18.032667088106123,18.12047004699707,688224000
2021-07-19,17.875275342534227,18.999510194615794,17.825635073987275,18.73784637451172,749060000
2021-07-20,18.68820179026465,18.795960580206206,18.12346488761401,18.570465087890625,434687000
2021-07-21,18.83986423648893,19.48342535694125,18.700177259556888,19.36668586730957,371017000
2021-07-22,19.59816711341448,19.84261930571644,19.232982752333722,19.550273895263672,323826000
2021-07-23,19.612139415403593,19.65604185729442,19.207045233457105,19.514358520507812,195672000
2021-07-26,19.267912125385813,19.39861843921064,18.871796689116085,19.25094985961914,203943000
2021-07-27,19.222002607526502,19.57820618366455,18.69917193471032,19.165130615234375,248863000
2021-07-28,19.275894635963596,19.6021646807648,18.952618156219216,19.459484100341797,202191000
2021-07-29,19.47544535320664,19.808701619528385,19.284871556554233,19.618127822875977,190781000
2021-07-30,19.374667678926546,19.586194490823832,19.22001478198621,19.455488204956055,183497000
2021-08-02,19.656041136379148,19.91645840741657,19.317796898621157,19.705928802490234,217444000
2021-08-03,19.695947175204367,20.176871874335998,19.177107171863515,19.770780563354492,301811000
2021-08-04,19.945393101365298,20.27266220607287,19.783753941478007,20.228759765625,231309000
2021-08-05,20.454256579946396,20.686736469006593,20.29660819505483,20.59095001220703,211435000
2021-08-06,20.47820503972447,20.524101928122093,20.16490458584402,20.320556640625,178497000
2021-08-09,20.400374106685497,20.46223602836236,20.098050750515416,20.249711990356445,146443000
2021-08-10,20.276650205072418,20.384408995827474,19.790735571713213,19.891511917114258,179238000
2021-08-11,19.998278783857486,20.00426591413598,19.38664756137036,19.655046463012695,185925000
2021-08-12,19.8256587030102,19.984302369421908,19.576216606059397,19.860580444335938,151652000
2021-08-13,19.860582533688213,20.168893013178696,19.806702182493282,20.1429500579834,183063000
2021-08-16,20.090066043847173,20.241727260005828,19.409586914753046,19.905479431152344,210876000
2021-08-17,19.641072122334368,19.72588343328819,19.224005625797794,19.414579391479492,204585000
2021-08-18,19.456485405778384,19.590187158874645,18.95760116460458,18.997512817382812,285913000
2021-08-19,19.45049795314663,20.449265542336242,18.720131086069024,19.753820419311523,766555000
2021-08-20,19.946390500496992,20.818440769765257,19.888521263811523,20.769550323486328,675741000
2021-08-23,20.924203397298,21.947912925807106,20.903250350633197,21.909000396728516,575807000
2021-08-24,21.70445975402652,21.90999945326239,21.486945796783075,21.744369506835938,297299000
2021-08-25,21.68849539272734,22.419859572593847,21.673529472839984,22.163433074951172,347701000
2021-08-26,22.15046036413365,22.29014733822545,21.741375451642853,22.018754959106445,237940000
2021-08-27,22.134496340275508,22.671295897934026,22.1175340779144,22.585487365722656,304722000
2021-08-30,22.77905822428135,22.991582292262514,22.500681440564495,22.637374877929688,262580000
2021-08-31,22.648351539197673,22.648351539197673,22.07453455787261,22.3389892578125,259850000
2021-09-01,22.438784759124236,22.650348906025947,22.31104759248821,22.394874572753906,201767000
2021-09-02,22.47170927220523,22.546555855660092,22.249168120910575,22.349960327148438,187834000
2021-09-03,22.279112296634487,22.93875292763135,22.15436923092753,22.79604721069336,280532000
2021-09-07,22.786067428844145,22.85193175199729,22.475705860557778,22.615419387817383,198107000
2021-09-08,22.466723400904264,22.563524132265776,21.931823984385463,22.293081283569336,254434000
2021-09-09,22.266137144440457,22.491672425697235,22.08550944017978,22.13141441345215,196856000
2021-09-10,22.302061280830465,22.579489705395595,22.224222499927517,22.431795120239258,248376000
2021-09-13,22.637372339454643,22.916797475878276,21.81306999526155,22.10646629333496,297500000
2021-09-14,22.229212641217604,22.363935372792017,22.040601959070237,22.19628143310547,199755000
2021-09-15,22.26314446387039,22.321025809840197,21.92084908003349,22.29507827758789,166538000
2021-09-16,22.13740269427345,22.231209337206835,21.881928392765175,22.19628143310547,156033000
2021-09-17,22.25416170484627,22.275118448091163,21.78512847263095,21.854984283447266,294503000
2021-09-20,21.102532264947648,21.388942963530003,20.619527919799644,21.06960105895996,349440000
2021-09-21,21.372971908988507,21.380954884379932,20.90693288638775,21.20232391357422,204688000
2021-09-22,21.32208000784405,21.91485886480449,21.152429377866472,21.895898818969727,268726000
2021-09-23,22.09449300053855,22.48868157731644,21.845006848668227,22.435791015625,248555000
2021-09-24,22.02463694288499,22.103475038068282,21.81606688764935,22.035614013671875,217655000
2021-09-27,21.66537306934412,21.754190825746935,21.28116613158087,21.615476608276367,245215000
2021-09-28,21.17039292521659,21.374971448404203,20.608548606029547,20.656450271606445,343069000
2021-09-29,20.8969576569864,20.973799045887088,20.424928447373038,20.47482681274414,218394000
2021-09-30,20.725309293039082,21.022697064179454,20.645473815850814,20.673416137695312,221009000
2021-10-01,20.707348593286746,20.816123798789594,20.161472062841753,20.699365615844727,240978000
2021-10-04,20.461851089635363,20.499773082317855,19.514802475612257,19.691438674926758,345635000
2021-10-05,19.90899448692086,20.60555973549591,19.81319114034007,20.408964157104492,279282000
2021-10-06,20.078642049763726,20.6774071635698,20.038723360348456,20.65744972229004,297202000
2021-10-07,21.048644411788743,21.278173092978495,20.928892137925292,21.031681060791016,256919000
2021-10-08,21.057622913257926,21.16240660995784,20.732292851994423,20.788177490234375,151258000
2021-10-11,20.532705933838944,21.019701745235178,20.468836413759362,20.65245819091797,163388000
2021-10-12,20.78518639102628,21.013715764405212,20.485803813514003,20.628509521484375,162134000
2021-10-13,20.874999299325843,20.9468517954333,20.670420782566904,20.89595603942871,180652000
2021-10-14,21.24424093983298,21.710280040317638,21.07858180049667,21.7012996673584,243589000
2021-10-15,21.765169217756938,21.885920792719308,21.6174746181001,21.817062377929688,226994000
2021-10-18,21.70429374523038,22.245179438302365,21.599508134493956,22.176321029663086,189494000
2021-10-19,22.23020761577493,22.33299652432015,21.991700497587633,22.24418067932129,161473000
2021-10-20,22.259153972227175,22.38689113624754,21.93681792130958,22.05756950378418,146276000
2021-10-21,22.05158081081339,22.66431908339026,22.037609648043592,22.645357131958008,187590000
2021-10-22,22.776081950418607,23.08245004843204,22.514621420538273,22.67928123474121,249384000
2021-10-25,22.925775538059284,23.30699025615322,22.72319371456026,23.118379592895508,230235000
2021-10-26,23.939690683779567,25.207080642552555,23.874823758987613,24.66619300842285,485898000
2021-10-27,24.42369501670846,25.038428062047632,24.232088329597563,24.400741577148438,245990000
2021-10-28,24.826864037496623,24.89871654547079,24.47259418957567,24.889734268188477,234204000
2021-10-29,24.949607826287217,25.65615265639552,24.948610430057254,25.51444435119629,292503000
2021-11-01,25.596280704392232,25.840776060615124,25.175147208367978,25.773914337158203,265740000
2021-11-02,25.768924631119912,26.623164159534607,25.74696858717895,26.34673309326172,294112000
2021-11-03,26.615177925392462,26.72894390976585,26.18107263291449,26.543325424194336,239910000
2021-11-04,27.17302872617055,31.30052653095148,27.062256834548624,29.739742279052734,1153631000
2021-11-05,30.12495081284974,31.335456833245594,29.34954751211164,29.690845489501953,851260000
2021-11-08,30.0870264157735,31.036071770159673,29.845523288055762,30.740680694580078,503101000
2021-11-09,32.215642328275685,32.243584649409264,29.90240643770052,30.59398078918457,646746000
2021-11-10,29.295656214442552,30.78658460535375,28.718843340660385,29.3984432220459,636206000
2021-11-11,30.40536867893391,30.527117630014917,29.715789152575233,30.32752799987793,332172000
2021-11-12,29.948309986730987,30.61693277323378,29.569090070156268,30.32752799987793,413054000
2021-11-15,30.48919684042176,30.581006779573574,29.186879115830916,29.963279724121094,384909000
2021-11-16,29.697833005821565,30.327534638931564,29.64494054309698,30.140918731689453,264484000
2021-11-17,30.355476692185867,30.446291154053746,28.740802374447846,29.200855255126953,428508000
2021-11-18,32.30046694089971,32.69265683604596,31.256615668173605,31.609888076782227,781711000
2021-11-19,32.17671536534096,33.01997944548846,31.839410875338483,32.91719055175781,533867000
2021-11-22,33.44810639994247,34.57578482836839,31.834431357319282,31.890316009521484,754335000
2021-11-23,31.470177454770493,32.29348237107467,30.81652316774115,31.680744171142578,532163000
2021-11-24,31.39632853521681,32.78746210050022,30.864423237348433,32.606834411621094,435162000
2021-11-26,32.53298910580226,32.64276360965814,31.285560386970182,31.43824577331543,283069000
2021-11-29,32.29947733857546,33.343325056327004,31.970153780150458,33.30739974975586,454964000
2021-11-30,33.100819984063634,33.28444369151057,31.79850400483013,32.60883331298828,622066000
2021-12-01,33.15477887681169,33.22464323996772,31.31933164435788,31.374225616455078,484368000
2021-12-02,31.15365672304559,32.415213053889744,30.965021023061166,32.06389236450195,472890000
2021-12-03,31.938137600537708,32.066889832044694,30.071751846895292,30.633665084838867,544325000
2021-12-06,29.82222966105633,30.182531770501555,27.983791897824226,29.978927612304688,658938000
2021-12-07,30.897148284520917,32.38626422162918,30.591738246734344,32.36430358886719,593053000
2021-12-08,31.937133093041922,32.22757083379196,31.360249588511806,31.764467239379883,475551000
2021-12-09,31.6726436363354,32.142735562331445,30.369168945749347,30.431049346923828,488507000
2021-12-10,31.089777075680235,31.244478098261293,29.803269551316273,30.139617919921875,488825000
2021-12-13,30.190516381869546,30.235429453900565,28.06163905199242,28.106552124023438,598344000
2021-12-14,27.64544809567348,28.62255545688328,27.197316754829743,28.282215118408203,667035000
2021-12-15,28.345092875773645,30.441033250824958,27.7841791365001,30.40011215209961,698297000
2021-12-16,31.091770564933462,31.099754518870387,28.038684877718026,28.332115173339844,707366000
2021-12-17,27.930891949372505,28.866080545306644,27.706326603425225,27.74724769592285,713758000
2021-12-20,27.25220994036055,28.08958664914624,27.092519430074276,27.665409088134766,461847000
2021-12-21,28.319144340098806,29.063702367832537,27.3480239896124,29.018789291381836,524385000
2021-12-22,28.83514767974732,29.49786357065309,28.39400082904358,29.343162536621094,395184000
2021-12-23,29.697474358812528,30.000887493948582,29.37410133609741,29.58269691467285,343022000
2021-12-27,29.60265275302843,31.026893719009394,29.582690965802353,30.885168075561523,403686000
2021-12-28,31.25146195093205,31.26942679962951,29.953974216379613,30.263376235961914,420591000
2021-12-29,30.214474295872787,30.48894226101068,29.30922629538712,29.9429988861084,343139000
2021-12-30,29.769336178213297,30.398119287491273,29.482892273989112,29.5288028717041,308864000
2021-12-31,29.616627511446417,29.971940112811122,29.274290262971935,29.354135513305664,266530000
2022-01-03,29.75735697767053,30.651624582903967,29.727414293582168,30.06276512145996,391547000
2022-01-04,30.218462985082912,30.40909369115047,28.294191075815277,29.23337173461914,527154000
2022-01-05,28.893031463942076,29.359129558729837,27.479770596008006,27.55063247680664,498064000
2022-01-06,27.586559964920273,28.38301743954945,27.01267281731573,28.123519897460938,454186000
2022-01-07,28.086593233674098,28.367050088301752,27.00468748968169,27.194320678710938,409939000
2022-01-10,26.52961181550805,27.415895582129004,25.59442299105561,27.347028732299805,594681000
2022-01-11,27.270177292552447,28.010743386947276,26.78711374014883,27.763221740722656,404089000
2022-01-12,28.012733594807443,28.53971261700627,27.554621408963357,27.944866180419922,383413000
2022-01-13,28.324133734411912,28.424938300544927,26.44676981062193,26.523622512817383,540171000
2022-01-14,26.24915265168228,27.1444197184354,26.159326499116265,26.889911651611328,395832000
2022-01-18,26.209230679570027,26.586500135365398,25.720178245364497,25.852920532226562,424270000
2022-01-19,26.028576108979475,26.491677750894784,25.00356141134251,25.018531799316406,488315000
2022-01-20,25.255081797321385,25.529549771779315,24.031450230407202,24.10331153869629,435181000
2022-01-21,23.461552019986037,24.775007677466373,23.218024282355426,23.32880973815918,718958000
2022-01-24,22.286827510617645,23.334796698374127,20.847616010504623,23.326812744140625,913982000
2022-01-25,22.502410844337714,22.898644579433583,21.957466910396736,22.280839920043945,664616000
2022-01-26,23.19507150485748,24.010491492410896,22.25688820809312,22.727975845336914,755959000
2022-01-27,23.522439993882372,23.948614578743555,21.633097919054194,21.901578903198242,573353000
2022-01-28,21.96944289295478,22.81380797435671,21.25482754600818,22.79584312438965,543774000
2022-01-31,23.137176312477948,24.461612098053234,23.007428507884715,24.438655853271484,564680000
2022-02-01,25.055470852073256,25.096391959338074,23.843816968627216,24.59037208557129,518925000
2022-02-02,25.744137845747257,25.767092196208253,24.505535714992302,25.193204879760742,543419000
2022-02-03,24.410715212297134,25.02851797372646,23.734026501108175,23.901700973510742,410178000
2022-02-04,23.9256491963557,24.58736736304779,23.586306449146388,24.2719783782959,354829000
2022-02-07,24.324884078552188,25.133317663093663,24.155212644397917,24.68019676208496,376868000
2022-02-08,24.31190344360398,25.18121973728533,23.933636493420686,25.05945587158203,410359000
2022-02-09,25.5724671951491,26.673335511065854,25.30398812548044,26.65337371826172,524282000
2022-02-10,25.944747316228323,26.87294784160419,25.55051047315788,25.774076461791992,513200000
2022-02-11,25.865898715581448,26.101442533660926,23.7270419828092,23.902700424194336,605472000
2022-02-14,23.887730626740176,24.826911463246145,23.709075818043775,24.2200870513916,440424000
2022-02-15,24.900764591183574,26.49367965605607,24.73608458162661,26.443777084350586,699869000
2022-02-16,26.208233700505765,26.530609192134296,25.502599827448215,26.459745407104492,732676000
2022-02-17,25.58044757027019,25.735148587356477,24.118281669763785,24.459619522094727,810595000
2022-02-18,24.620307973876027,24.937693968010514,23.055340541376445,23.59629249572754,761255000
2022-02-22,22.990462982791453,24.01747279961412,22.955530805597544,23.344776153564453,633422000
2022-02-23,23.755980792771823,24.108298935289074,22.257883403820344,22.34371566772461,566511000
2022-02-24,20.97436959630377,23.753985005383658,20.84961126769638,23.702085494995117,735801000
2022-02-25,23.675138387578873,24.1701778047602,23.33579559273523,24.110294342041016,528866000
2022-02-28,23.945614559981106,24.617313720025166,23.661165729918974,24.337854385375977,477319000
2022-03-01,24.2440354711342,24.32986963799387,23.08727591797761,23.431608200073242,412056000
2022-03-02,23.714113121544962,24.365961607628535,23.373714780503384,24.17729377746582,389642000
2022-03-03,24.219216091275733,24.28310431664372,23.42761517996613,23.672183990478516,365095000
2022-03-04,23.342767392238667,23.63824497847324,22.44235747690305,22.895557403564453,431415000
2022-03-07,22.77676506442822,22.992385688642184,21.292387654278762,21.314348220825195,450821000
2022-03-08,21.271424341879477,22.33354729257822,20.613586007361604,21.476062774658203,557467000
2022-03-09,22.34752397571556,23.179055323683137,22.207771447985007,22.973419189453125,492742000
2022-03-10,22.491272744824204,22.74781956359875,21.843416915189174,22.61804962158203,428066000
2022-03-11,22.981408527703135,23.104192759122018,22.007129512410348,22.06103515625,367209000
2022-03-14,21.830440015715702,22.22274672696289,21.121692803109244,21.292390823364258,385354000
2022-03-15,21.48005697889036,22.997377221162406,21.284403438506185,22.932491302490234,491996000
2022-03-16,23.458564260775105,24.553630127058703,23.131143481350605,24.452808380126953,671422000
2022-03-17,24.077471154131192,24.798196302698308,23.863847789795177,24.722332000732422,471941000
2022-03-18,24.755272049910502,26.522151490123896,24.580581386606394,26.406354904174805,730719000
2022-03-21,26.46026011637226,27.10412324336721,25.92121138568289,26.686859130859375,591727000
2022-03-22,26.679869314228366,27.18996980901101,26.026025549438742,26.47722816467285,547007000
2022-03-23,26.079927675254787,26.565070701682995,25.529900643651544,25.588796615600586,502120000
2022-03-24,26.11986368042065,28.270065012059774,25.861319580253287,28.100364685058594,877379000
2022-03-25,27.83682948218481,28.307997346511723,27.22291411401015,27.643171310424805,579016000
2022-03-28,27.7070580201299,28.200186425941997,27.158026699534492,28.169240951538086,425494000
2022-03-29,28.644403356385414,28.894960233335265,27.93066392483216,28.605472564697266,488984000
2022-03-30,28.254093909967974,28.445754802964743,27.454505676769504,27.641176223754883,463487000
2022-03-31,27.733016015173206,28.198193995600818,27.221919611404,27.237890243530273,523440000
2022-04-01,27.326726985234544,27.44751390350654,26.22068102801102,26.66489601135254,517235000
2022-04-04,26.680872446951916,27.509408871839586,26.566075449381483,27.311758041381836,397120000
2022-04-05,27.205941957892414,27.270827874661148,25.774470555611817,25.88527488708496,436615000
2022-04-06,24.89003527746439,25.255389153160042,23.960677101781798,24.363964080810547,703833000
2022-04-07,24.397898817604393,24.678403417357615,23.436597701943068,24.16530990600586,557992000
2022-04-08,23.874826939519217,23.88081687759532,23.021335019105305,23.07823371887207,524781000
2022-04-11,22.17483029611759,22.280642378826183,21.621806322763018,21.878353118896484,575207000
2022-04-12,22.497263069478947,22.68493131080964,21.24447483857527,21.466083526611328,662258000
2022-04-13,21.689686094459127,22.460324131590653,21.417166779097364,22.163846969604492,516943000
2022-04-14,22.465317170334803,22.736838829968864,21.125684399232618,21.220516204833984,569097000
2022-04-18,21.162616730014566,22.049049416277743,21.041829811732452,21.74458885192871,525701000
2022-04-19,21.681703314644214,22.333551844356887,21.276419023596286,22.15886116027832,512781000
2022-04-20,22.477295203987705,22.630025292014682,21.162618078582742,21.444120407104492,468974000
2022-04-21,21.670717529613366,22.35251367670244,19.964731581536245,20.147409439086914,656209000
2022-04-22,20.267197567812772,20.44987543262351,19.465614065609277,19.480587005615234,624713000
2022-04-25,19.168140672030763,19.909830566482615,19.062328587721677,19.866907119750977,641566000
2022-04-26,19.683225805798546,19.753102049371627,18.637073720343448,18.754865646362305,653143000
2022-04-27,18.565204266444386,19.133201147980134,18.257748727324,18.38252830505371,499460000
2022-04-28,18.933552723499567,20.001667489116333,18.45739457929483,19.747116088867188,570327000
2022-04-29,19.367787435913748,20.092507058531055,18.484347793800964,18.51429557800293,500435000
2022-05-02,18.508306677557925,19.53948420995558,18.35857155612756,19.498558044433594,572049000
2022-05-03,19.365792728207555,19.790044492832212,19.099263315754698,19.56743621826172,475751000
2022-05-04,19.887868830192616,20.364026989571897,18.717934609583033,20.29814338684082,648855000
2022-05-05,19.831972807880156,19.889869206905697,18.467382404880805,18.810775756835938,626331000
2022-05-06,18.702962121693464,19.47759284066745,17.958277283967274,18.64206886291504,633297000
2022-05-09,18.00220284256642,18.222811941526615,16.79733029414801,16.920114517211914,644455000
2022-05-10,17.657808494966158,18.16591176162213,16.994979755458832,17.563974380493164,761474000
2022-05-11,17.316406291938918,17.72169039196201,16.53878083621227,16.600669860839844,670167000
2022-05-12,16.19040360695308,16.758400627921947,15.539553695242823,16.146480560302734,708728000
2022-05-13,16.758399254402644,17.896388580108713,16.5637433859514,17.674779891967773,670437000
2022-05-16,17.478127488678094,17.756634863058387,17.075838212801916,17.233558654785156,521446000
2022-05-17,18.042129937144267,18.33860712731935,17.60290714990144,18.144948959350586,585830000
2022-05-18,17.673776294585583,18.0860480556068,16.83425983504842,16.90812873840332,545161000
2022-05-19,16.907136667863853,17.65581425511469,16.704493580378365,17.093807220458984,621310000
2022-05-20,17.301441630973102,17.37930322099408,15.727221518406013,16.664566040039062,739105000
2022-05-23,16.245302043892696,16.885172429110426,16.150470255550008,16.868202209472656,639889000
2022-05-24,16.48088814806781,16.56773463435827,15.752174861917103,16.12551498413086,588550000
2022-05-25,15.991754187297795,17.080830153303886,15.971788994098624,16.945070266723633,781132000
2022-05-26,16.00772274521179,18.06009712140226,15.993747492579688,17.819522857666016,996575000
2022-05-27,18.15393222834226,18.847706383566344,18.068083436188743,18.777830123901367,738379000
2022-05-31,18.94652985213168,19.16614311852199,18.31764164379846,18.639074325561523,664100000
2022-06-01,18.690985716581736,19.019404173433802,18.090046008838897,18.287696838378906,544514000
2022-06-02,18.259744381633755,19.584404063861257,18.165910274840577,19.557451248168945,648656000
2022-06-03,19.04835384760268,19.297913027935877,18.489339912786797,18.68699073791504,598779000
2022-06-06,19.10525257728722,19.302903402711614,18.53126570006665,18.75287437438965,422406000
2022-06-07,18.439427797960548,18.96649663523193,18.15592818906813,18.892627716064453,388914000
2022-06-08,18.76981563316662,19.150224674884743,18.50622553593558,18.619050979614258,363252000
2022-06-09,18.452313635347775,18.903611679964875,18.01299609524454,18.01998519897461,395574000
2022-06-10,17.572678573964275,17.669528115431987,16.84281246150541,16.947650909423828,465248000
2022-06-13,15.975163876009786,16.28667984582384,15.581775412240182,15.622712135314941,604153000
2022-06-14,15.706581974951327,16.04106201936239,15.388076889347474,15.811419486999512,469680000
2022-06-15,16.070019757799376,16.841820772248433,15.901282374578718,16.50135040283203,563936000
2022-06-16,15.835378063764146,15.917251495511621,15.377090996329123,15.576780319213867,545749000
2022-06-17,15.623711204110075,15.970172718486323,15.304208207375476,15.855351448059082,630334000
2022-06-21,16.449421072374804,16.981592569532857,16.381525857872205,16.540279388427734,483089000
2022-06-22,16.200813392123194,16.63613744371276,16.15488526686756,16.334606170654297,437135000
2022-06-23,16.493358120207393,16.559255659016674,15.828392479583755,16.19981575012207,463680000
2022-06-24,16.47438527374452,17.11339112344329,16.28467969796983,17.09941291809082,472153000
2022-06-27,17.285124651366967,17.303096357266742,16.600188793856667,16.842811584472656,427968000
2022-06-28,16.873764714738712,17.175295947359764,15.920247295866085,15.95719051361084,461149000
2022-06-29,15.789450876778472,15.795441128330172,15.146450552730412,15.51787281036377,482352000
2022-06-30,15.337153608855383,15.542834141531504,14.83892866134479,15.135467529296875,686070000
2022-07-01,14.875870642287145,15.039615603372162,14.369657750368367,14.50045394897461,577610000
2022-07-05,14.15299631092678,14.947760206321728,14.033182701418724,14.940771102905273,651397000
2022-07-06,14.98670225825184,15.295222655044913,14.766044615983887,15.106515884399414,529066000
2022-07-07,15.432009966052165,15.920250321969826,15.365113573042285,15.833385467529297,492903000
2022-07-08,15.406052575423047,16.012110847303457,15.36511584276171,15.813419342041016,467972000
2022-07-11,15.501900947599497,15.502899799154374,15.014658492987547,15.1284818649292,437321000
2022-07-12,15.244300136553319,15.407047229010848,14.85390726583204,15.058588981628418,458483000
2022-07-13,14.567356234251346,15.351137749089562,14.442550236291268,15.140464782714844,521918000
2022-07-14,15.084547722465837,15.448980906104412,14.705137480469018,15.348137855529785,456235000
2022-07-15,15.634691868193833,15.757500119489807,15.42102337409571,15.737531661987305,385935000
2022-07-18,16.276696063894367,16.870771818679195,15.977162485969991,16.076007843017578,670517000
2022-07-19,16.460410653190557,17.083442634965255,16.146898863611145,16.965625762939453,702366000
2022-07-20,16.920692343350403,17.90516175903346,16.774919082030355,17.779356002807617,760538000
2022-07-21,17.85723740485581,18.11583423265357,17.517765033329383,18.02198028564453,557049000
2022-07-22,17.86522652815311,17.939111072810018,17.11039945674806,17.292118072509766,536671000
2022-07-25,16.992582454358388,17.09742092220505,16.623157829488665,16.997575759887695,480748000
2022-07-26,16.862783963132348,16.8927380811664,16.452422639321977,16.50733757019043,397865000
2022-07-27,17.005557952659736,17.908155755576903,16.886743214352247,17.76238250732422,569776000
2022-07-28,17.947098395523145,18.11184128131467,17.412929010303365,17.956083297729492,474646000
2022-07-29,17.785348603490437,18.21567931837126,17.664536142339635,18.13480567932129,435460000
2022-08-01,18.153775758484443,18.816746510993376,17.9620743588274,18.41237449645996,476469000
2022-08-02,18.093869755691863,18.90860309946713,18.06391563779565,18.497241973876953,489527000
2022-08-03,18.155775030673695,18.93855851148196,18.108847099868385,18.86367416381836,418146000
2022-08-04,18.819745689269663,19.244085291616933,18.730883123972124,19.185176849365234,409652000
2022-08-05,18.780801158866524,19.199151379943174,18.63702558545363,18.959524154663086,386068000
2022-08-08,17.474832214042483,18.2106876713627,17.215235587063688,17.765378952026367,981859000
2022-08-09,17.225223378384737,17.419920407402213,16.69804302742487,17.059480667114258,668263000
2022-08-10,17.670526014260716,18.089874092763363,17.290116951299066,18.068906784057617,597422000
2022-08-11,18.10285795787067,18.67796411597319,17.848252697095948,17.91415023803711,509327000
2022-08-12,18.13181260063338,18.688947058394234,17.925133166712452,18.679960250854492,478094000
2022-08-15,18.67197109315223,19.134251734089823,18.584108348581022,19.002456665039062,457666000
2022-08-16,18.890631929999405,19.112287457353222,18.47228168872419,18.849695205688477,451240000
2022-08-17,18.49424549864217,18.65898836136106,18.116832049135276,18.306535720825195,446799000
2022-08-18,18.27259650571931,18.835720326164054,18.15477961728708,18.743864059448242,415447000
2022-08-19,18.377431354862185,18.491254730260824,17.74241883906721,17.82129669189453,441588000
2022-08-22,17.4628523157582,17.530747560414262,16.939665485324408,17.00756072998047,409593000
2022-08-23,16.962629795617797,17.43789077526951,16.94365828212294,17.15433120727539,369986000
2022-08-24,16.985595480724132,17.378984974458614,16.868778397240728,17.195270538330078,522661000
2022-08-25,16.817853882408595,17.919142398294323,16.80687127701837,17.885194778442383,770691000
2022-08-26,17.829275143739697,17.89617055423345,16.2117895566802,16.23475456237793,769127000
2022-08-29,15.995132957792901,16.312638221113218,15.742525425220169,15.776472091674805,496132000
2022-08-30,15.935228611027757,16.01410551566216,15.158436262373058,15.443992614746094,530181000
2022-08-31,15.360118825458853,15.515876799554972,14.93577837401633,15.070569038391113,573710000
2022-09-01,14.186943313242518,14.357678353574007,13.249401725179203,13.915366172790527,1178865000
2022-09-02,14.078111260206875,14.14900018522791,13.569900664948733,13.625814437866211,743157000
2022-09-06,13.709685355906469,13.757611180820414,13.330275114521564,13.444098472595215,535751000
2022-09-07,13.545970723388965,13.820626019078334,13.329243169761526,13.696781158447266,512657000
2022-09-08,13.442099708429629,13.990411090298151,13.352213517895981,13.972433090209961,624873000
2022-09-09,14.139226695921778,14.455829118370323,14.108266429068719,14.368938446044922,486612000
2022-09-12,14.350959820887779,14.52873583484315,14.180174035313506,14.486788749694824,484159000
2022-09-13,13.784667417019506,13.904516606051972,13.082550179768214,13.114509582519531,714956000
2022-09-14,13.237359163133265,13.273314216178907,12.896787688730967,13.111517906188965,588507000
2022-09-15,12.998657958319333,13.21638368394048,12.773940100304305,12.912765502929688,523625000
2022-09-16,12.725998360506884,13.19540840627135,12.601155334158216,13.181426048278809,670751000
2022-09-19,12.995663732250092,13.446097722537223,12.993666387993636,13.365199089050293,569685000
2022-09-20,13.198406839856672,13.46606997721802,13.040605238954448,13.159455299377441,524818000
2022-09-21,13.1964094143311,14.013382133890827,13.093538106056018,13.244348526000977,807679000
2022-09-22,13.053586733041543,13.132487999348257,12.41239369411393,12.545226097106934,759162000
2022-09-23,12.40440501838907,12.595165175770894,12.241609581149898,12.500284194946289,663309000
2022-09-26,12.475315780941502,12.643105051772439,12.198663170837841,12.212645530700684,547343000
2022-09-27,12.491297003764968,12.720009577879809,12.242610035621365,12.397415161132812,553854000
2022-09-28,12.394417959508273,12.806899506976707,12.338488516455438,12.720008850097656,542414000
2022-09-29,12.432370007378605,12.48430476090285,11.93100047295723,12.204656600952148,532763000
2022-09-30,12.071823561069651,12.617138488258727,12.059838544347494,12.123758316040039,565638000
2022-10-03,12.331498357596713,12.662083111911944,12.089801611564782,12.496291160583496,547478000
2022-10-04,12.86283029973038,13.203402735078242,12.86283029973038,13.150468826293945,584182000
2022-10-05,12.89479000485159,13.304275082018679,12.60515414886924,13.192415237426758,507131000
2022-10-06,13.203401093971486,13.63885351819357,13.086547421310968,13.113513946533203,644157000
2022-10-07,12.48929899981872,12.654091789877265,12.006905646417971,12.060837745666504,672478000
2022-10-10,12.02188568072584,12.10877633421103,11.393675761746923,11.655346870422363,698699000
2022-10-11,11.546483912922639,11.831125915365966,11.268833090820673,11.571453094482422,667482000
2022-10-12,11.564462656173577,11.720265977710053,11.330756245153442,11.48556137084961,492590000
2022-10-13,10.957224041163421,12.062834393103017,10.79942244062999,11.944982528686523,850103000
2022-10-14,12.041861778962122,12.095793879242922,11.189933090714273,11.21290397644043,713432000
2022-10-17,11.503538245021701,11.93299866407715,11.502540049196641,11.87307357788086,580774000
2022-10-18,12.328502366248351,12.476316320774814,11.603414003628952,11.95197582244873,659362000
2022-10-19,11.864084673089435,12.334493965352559,11.819141098000895,12.035868644714355,523131000
2022-10-20,12.097789434617974,12.752965822422196,12.08979910697089,12.178688049316406,652398000
2022-10-21,12.082811763858672,12.482310175998526,11.872077163441604,12.450349807739258,609494000
2022-10-24,12.492295085152598,12.694041114749616,12.048852336359209,12.58318042755127,517457000
2022-10-25,12.678061042532914,13.28330006623939,12.648098026202799,13.244348526000977,505482000
2022-10-26,12.852841899654189,13.371189335313101,12.69204380253107,12.879807472229004,532953000
2022-10-27,13.612885710217384,13.820624719501696,13.105523203117375,13.159455299377441,583113000
2022-10-28,13.087545565034905,13.832609111860705,13.044599338614265,13.816628456115723,521040000
2022-10-31,13.760701235922447,13.820626323430826,13.280305197439352,13.480053901672363,486341000
2022-11-01,13.793657423224907,13.907514593667278,13.502024269962124,13.525994300842285,432817000
2022-11-02,13.832611349969781,14.192159017824103,13.194413691854113,13.20240306854248,672628000
2022-11-03,13.02662341252142,13.7636966949046,12.939732756516582,13.40414810180664,500065000
2022-11-04,13.9684389349222,14.211133849312025,13.679801299085328,14.138225555419922,612576000
2022-11-07,14.210135563074418,14.39390455505636,13.93648037167957,14.28304386138916,410061000
2022-11-08,14.782415387435028,14.872302535108739,14.198149880032776,14.58366584777832,595292000
2022-11-09,14.14421826011374,14.193157476096932,13.741724378458798,13.758703231811523,454414000
2022-11-10,14.781417601209665,15.753195494812513,14.528735003966306,15.730224609375,700819000
2022-11-11,15.787154735164645,16.36842382289729,15.462562957739296,16.306501388549805,655487000
2022-11-14,16.197633167908812,16.519229289732092,15.902004417056169,16.2745361328125,527852000
2022-11-15,16.701000460446785,16.97665292715978,16.36142728358573,16.645071029663086,545876000
2022-11-16,16.141706658908717,16.341454383695524,15.853069034469385,15.890022277832031,649547000
2022-11-17,15.695268602256101,16.245577368149426,15.51549430312848,15.657316207885742,710894000
2022-11-18,15.945951080569174,15.981907079261498,15.101013685603117,15.38965129852295,492072000
2022-11-21,15.127981023000306,15.457566583198409,15.06106476275779,15.297767639160156,404739000
2022-11-22,15.308755601738653,16.037839574271395,15.103013909275052,16.017864227294922,472866000
2022-11-23,16.07778765170836,16.506249872107517,16.02785119143118,16.498258590698242,427241000
2022-11-25,16.29751282305904,16.466299355969085,16.151696223942388,16.24957275390625,167934000
2022-11-28,16.00587750224232,16.336463192763517,15.70525673572653,15.807127952575684,303741000
2022-11-29,15.807126494631538,15.911995146685767,15.500512771594675,15.619362831115723,298384000
2022-11-30,15.681299942560486,16.91306749227581,15.581400530805857,16.90607452392578,565298000
2022-12-01,16.98200093379881,17.247733765667537,16.618364626853012,17.11786460876465,470977000
2022-12-02,16.64234117792431,16.916067342010866,16.428554479527566,16.85912322998047,371389000
2022-12-05,16.662320750441012,16.97800471429634,16.455527032443175,16.5933895111084,352255000
2022-12-06,16.513469290675516,16.556425555356533,15.803179908628083,15.971012115478516,352694000
2022-12-07,15.75622742232806,16.169813909620327,15.651331932839504,16.103879928588867,372388000
2022-12-08,16.256728622158576,17.16182280977595,15.943041522391448,17.151832580566406,515456000
2022-12-09,17.142840656143218,17.56541801143264,16.95802618094961,16.983999252319336,465338000
2022-12-12,17.019964378211757,17.520462850697957,16.78020459668349,17.517465591430664,457328000
2022-12-13,18.512469006153694,18.77121078174227,17.693289316822757,18.05392837524414,656589000
2022-12-14,17.969011087419783,18.233747362128558,17.402578696343596,17.65632438659668,496888000
2022-12-15,17.128851458484657,17.302677220211773,16.68329837585279,16.93504524230957,478542000
2022-12-16,16.84714015567545,17.02396324166307,16.39359357986779,16.554431915283203,478232000
2022-12-19,16.555424180046458,16.59238592042544,16.12885124570356,16.237741470336914,354039000
2022-12-20,16.0479374093435,16.293691733158465,15.836150439306303,16.06891632080078,403260000
2022-12-21,16.097886834196,16.610374338355122,16.08589779725307,16.484498977661133,325025000
2022-12-22,16.07790496925897,16.12186159180077,14.867117143254697,15.323659896850586,565045000
2022-12-23,15.180802809610176,15.323659446874593,14.868116110553647,15.19079303741455,349326000
2022-12-27,15.058925281140848,15.084899302148365,14.041942751760569,14.106878280639648,464902000
2022-12-28,13.913070976241796,14.247735964571142,13.870113761600244,14.02196216583252,351066000
2022-12-29,14.387597820165574,14.668315992800219,14.212772636992952,14.588396072387695,354923000
2022-12-30,14.319664595858889,14.614369650707939,14.218765770853738,14.599385261535645,310490000
2023-01-03,14.836147214679976,14.981002656191748,14.081902182591683,14.30068302154541,401277000
2023-01-04,14.552432867835895,14.838146156406989,14.226758666083303,14.73425006866455,431324000
2023-01-05,14.476509114267246,14.549436068229195,14.133851704136582,14.25073528289795,389168000
2023-01-06,14.45952485401676,14.994989063943777,14.01996530735585,14.84414005279541,405044000
2023-01-09,15.268716532503397,16.039943899153194,15.1258589291099,15.612372398376465,504231000
2023-01-10,15.491491850303234,15.9460367412462,15.456527005264633,15.89309024810791,384101000
2023-01-11,15.824158513514837,16.011970219679487,15.547435115356448,15.984996795654297,353285000
2023-01-12,16.083895766750675,16.620357362874767,15.47650318645187,16.494483947753906,551409000
2023-01-13,16.261719936070204,16.905076865313244,16.148833986111153,16.882099151611328,447287000
2023-01-17,16.882101069354157,17.71027253708016,16.882101069354157,17.684297561645508,511102000
2023-01-18,17.64933195026429,17.8551253151724,17.264716740500983,17.359622955322266,439624000
2023-01-19,17.018962694085385,17.179802892609352,16.71426930548233,16.748233795166016,452932000
2023-01-20,16.993986450014212,17.838142558730407,16.808173556686363,17.82115936279297,564967000
2023-01-23,18.045934566497856,19.22575518813864,17.80018219062393,19.17380714416504,655163000
2023-01-24,18.808171561163764,19.475504695763046,18.801178592061103,19.2457332611084,496204000
2023-01-25,18.894084898187952,19.350628576512324,18.561417754150824,19.303674697875977,449537000
2023-01-26,19.68129532518558,20.14583038584764,19.258718073312,19.782194137573242,489535000
2023-01-27,19.442536298366885,20.607370568656833,19.385594095701595,20.344633102416992,542142000
2023-01-30,19.930051570390866,20.11986020617036,19.13085039471645,19.142839431762695,488611000
2023-01-31,19.150831975809723,19.667315225206156,18.93105263996843,19.517465591430664,498017000
2023-02-01,19.671307485536968,21.17080582248784,19.591387567845597,20.922056198120117,660477000
2023-02-02,20.97899588183488,21.927046101235472,20.679296702842173,21.687286376953125,564276000
2023-02-03,20.978997108875344,21.723252844703303,20.768207695861946,21.07889747619629,429366000
2023-02-06,20.78519509214831,21.548431080233986,20.765214633558085,21.067913055419922,452197000
2023-02-07,21.360619878712374,22.236743764926906,21.128851507395858,22.150829315185547,664150000
2023-02-08,22.364607929403398,22.85511796527084,21.985987290163227,22.182790756225586,559651000
2023-02-09,22.58339300958644,22.99697853291516,22.097878989240208,22.314661026000977,523876000
2023-02-10,21.668304665989655,22.05591514338077,20.79018419340191,21.243728637695312,550737000
2023-02-13,21.51645680289639,22.02594690595999,20.941032731329045,21.766206741333008,474919000
2023-02-14,21.556420076698707,23.025949676572004,21.34463219361314,22.948028564453125,675474000
2023-02-15,22.526446803874055,22.832140505930372,22.083890994896432,22.74123191833496,420575000
2023-02-16,22.110863322037478,22.527446080733473,21.905069975862954,21.979995727539062,412026000
2023-02-17,21.609368499758,21.71825874769265,20.95402439345479,21.36661148071289,465888000
2023-02-21,20.979000327725977,21.472505817155305,20.597382352251547,20.63434600830078,410015000
2023-02-22,20.68629577363989,21.082898172560363,20.400580541197964,20.733247756958008,513184000
2023-02-23,23.41656006308935,23.864112008367524,23.001974156806483,23.640335083007812,1117995000
2023-02-24,23.201776465429027,23.450528025821583,22.92405457439787,23.262714385986328,589716000
2023-02-27,23.646324873974233,23.856113913208368,23.430541317778875,23.477493286132812,452994000
2023-02-28,23.348627491238524,23.801175507716838,23.182793127166743,23.19278335571289,455963000
2023-03-01,23.16880605034979,23.2327431288166,22.48549007597283,22.67530059814453,460026000
2023-03-02,22.46551148905175,23.356617727044704,22.409565830943126,23.29068374633789,389415000
2023-03-03,23.296680141971127,23.876100076867033,23.10686960480691,23.86610984802246,412393000
2023-03-06,23.867109901704033,24.22375134917666,23.463512664360874,23.530447006225586,437429000
2023-03-07,23.580406551075267,24.10497029022773,23.221703451056463,23.268665313720703,515154000
2023-03-08,23.467497114785473,24.179906326422394,23.4045497011768,24.160921096801758,513573000
2023-03-09,24.154922945379216,24.43369248287704,23.363580850091193,23.41653823852539,501257000
2023-03-10,23.3895581478256,23.607377500468253,22.70712484655735,22.945926666259766,474866000
2023-03-13,22.733103160894807,23.278649184602106,22.27848115684466,22.946924209594727,421890000
2023-03-14,23.476487867060463,24.19888701960605,23.44051655907677,24.04301643371582,474910000
2023-03-15,23.741268759575973,24.265832423154546,23.340602676375205,24.207881927490234,524486000
2023-03-16,24.007047963864338,25.56675059825911,23.874157083100002,25.519790649414062,583253000
2023-03-17,25.960424630848856,26.377078166810012,25.646684297201393,25.703638076782227,848547000
2023-03-20,25.59372917074599,26.00238993506894,25.109131303094223,25.87849235534668,432747000
2023-03-21,26.15826276917553,26.370086636571166,25.35992640091997,26.17724609375,547408000
2023-03-22,26.40305656588551,27.566091472465203,26.215212950904103,26.446022033691406,797295000
2023-03-23,27.09248178596672,27.476163665994406,26.667835494751287,27.168418884277344,564889000
2023-03-24,27.008551168176222,27.144437901398717,26.333111984663837,26.756759643554688,454920000
2023-03-27,26.814717860535694,26.97758263278237,26.34310962735661,26.50897216796875,361026000
2023-03-28,26.425039083852294,26.490984262629247,25.828534706856463,26.38806915283203,356104000
2023-03-29,26.80272526365729,27.055513525700643,26.57491395467883,26.961591720581055,393694000
2023-03-30,27.206388565387414,27.47616480917353,27.079493220776026,27.360260009765625,364516000
2023-03-31,27.117460914270833,27.810884824300686,27.082490132563102,27.75393295288086,433933000
2023-04-03,27.486157467758918,27.97674896673063,27.31330079051416,27.9417781829834,398716000
2023-04-04,27.942776983152683,27.976749146372356,27.284323812201485,27.43020248413086,368592000
2023-04-05,26.80672385592453,26.97558225141349,26.373084198934407,26.858680725097656,515015000
2023-04-06,26.561922527602437,27.057510906173512,26.405053322399837,27.01454734802246,397654000
2023-04-10,26.800724345120734,27.598061968083517,26.64685290782655,27.55609703063965,395279000
2023-04-11,27.70097606708646,27.76692123864769,27.10347122895872,27.14643669128418,314378000
2023-04-12,27.347272978771652,27.445191173354328,26.426037716955808,26.472999572753906,446259000
2023-04-13,26.71180158046341,26.86467442012051,26.30713907820163,26.44102668762207,353615000
2023-04-14,26.481990027168322,26.860675005002047,26.198225472529604,26.73577880859375,395660000
2023-04-17,26.54293875740368,26.983572499232327,26.411048411628634,26.979576110839844,321471000
2023-04-18,27.51013630310621,28.086656800927294,27.334281866827425,27.644023895263672,604812000
2023-04-19,27.33827814990457,27.976747432102734,27.2093855674829,27.907804489135742,358660000
2023-04-20,27.64802393339629,28.006727009696085,26.977581546120554,27.08149528503418,427713000
2023-04-21,26.929616382803516,27.16042543986034,26.699807852164234,27.096477508544922,345103000
2023-04-24,26.990569353375054,27.34327496276754,26.64885238383688,27.01954460144043,339282000
2023-04-25,27.055514550596037,27.22437484436602,26.20322411553106,26.219209671020508,378527000
2023-04-26,26.97957605431513,27.307302770987576,26.682821824060706,26.933612823486328,406337000
2023-04-27,27.340279304100545,27.47216966404172,26.60289125219407,27.203392028808594,377161000
2023-04-28,27.202394701984563,27.734951176667415,27.048521337557332,27.72595977783203,292216000
2023-05-01,27.8168827543935,29.033871779873245,27.75693310998625,28.88599395751953,570329000
2023-05-02,28.656185891505462,28.812056494254247,28.05968148797479,28.186574935913086,402730000
2023-05-03,27.81688013981046,28.34344291416342,27.44918571868085,27.778911590576172,383387000
2023-05-04,27.628035065257887,27.835862505345435,27.21737709983822,27.53911018371582,321850000
2023-05-05,27.802892348359304,28.731119816226787,27.707971926376775,28.65618324279785,361494000
2023-05-08,28.498313634929115,29.19573394414959,28.326457491586734,29.12679100036621,344979000
2023-05-09,28.875004213655114,28.94894217400301,28.426377630267304,28.54727554321289,314869000
2023-05-10,28.980910779016046,29.088822793586665,28.437363846624915,28.861011505126953,369350000
2023-05-11,28.872000751072463,28.925956755931157,28.22254098038231,28.554264068603516,322149000
2023-05-12,28.505305680587945,28.75609857922899,28.02270701560493,28.316463470458984,274222000
2023-05-15,28.484324933585533,28.94494253797439,28.12862158025983,28.928955078125,293926000
2023-05-16,28.81704895850863,29.845195673358166,28.808057560657943,29.188739776611328,449405000
2023-05-17,29.559435993791354,30.17392512966197,29.405564531055397,30.152942657470703,432535000
2023-05-18,30.384746671659997,31.801568399451863,30.294821257305664,31.65169334411621,748725000
2023-05-19,31.509810589762786,31.553774675559076,30.89032652886848,31.238037109375,473908000
2023-05-22,30.875342767584065,31.493830215264246,30.654527493113335,31.150115966796875,372000000
2023-05-23,30.974256822059314,31.262017766354816,30.60556376728732,30.66251564025879,356253000
2023-05-24,30.184913250484932,30.58158485433067,29.781249395568967,30.51264190673828,721419000
2023-05-25,38.491004098045735,39.447210007542544,36.60457166088481,37.948455810546875,1543911000
2023-05-26,37.858535295090505,39.137471155324974,37.51881748077454,38.913658142089844,714397000
2023-05-30,40.56129320908205,41.903176556488546,39.91582970590061,40.077693939208984,923401000
2023-05-31,39.45521557604164,40.261544802654605,37.79059834230431,37.802589416503906,1002580000
2023-06-01,38.457030901485844,40.016735217003344,38.30815639332787,39.736968994140625,635873000
2023-06-02,40.06369919155993,40.46636437435307,39.02556062706971,39.29433822631836,482731000
2023-06-05,38.876693830155325,39.53214737766458,38.674861888368824,39.13847732543945,396094000
2023-06-06,38.79776265430803,39.12748668498753,38.116325876047625,38.62190628051758,388729000
2023-06-07,38.886705495226614,39.47028049803264,37.32883713586247,37.447750091552734,511998000
2023-06-08,37.69657810413266,38.83574884803621,37.47773933461828,38.48200607299805,417772000
2023-06-09,39.00861399501781,39.68212369971367,38.538958335587395,38.7418098449707,427717000
2023-06-12,39.17150398137998,39.501262102808724,38.58992633945342,39.45329666137695,388701000
2023-06-13,40.15678903495475,41.07112482299617,39.71111409271858,40.99217987060547,613208000
2023-06-14,40.79432339392405,42.96874019088657,40.52251795887016,42.96574401855469,740465000
2023-06-15,42.571032403423146,43.25753327513272,42.116361328067455,42.62199401855469,568622000
2023-06-16,43.41840556812391,43.68920841570231,42.62997783526068,42.66095733642578,655709000
2023-06-20,42.966744812657,43.95802428329941,42.64297902478398,43.776153564453125,451153000
2023-06-21,43.469375994641815,43.583295347445485,42.04941138244555,43.01370620727539,551603000
2023-06-22,42.22227535860052,43.394422782476106,42.20329197945321,42.993717193603516,417737000
2023-06-23,42.4331298944521,42.77787649157712,41.98445500064074,42.178314208984375,358140000
2023-06-26,42.43013175413964,42.732912892803704,40.070848008649996,40.60246276855469,594322000
2023-06-27,40.76933398174648,41.90950317799757,40.418591274861775,41.845550537109375,462175000
2023-06-28,40.63044011815251,41.81457999808646,40.488545059577945,41.08710861206055,582639000
2023-06-29,41.52778911037634,41.569758396555315,40.57048532152346,40.79232406616211,380514000
2023-06-30,41.649698416136715,42.51906484775984,41.470827697536826,42.271244049072266,501148000
2023-07-03,42.48608466102656,42.86680815864475,42.171315066266786,42.38216018676758,198209000
2023-07-05,42.104365108899316,43.14560736549417,42.05440222255246,42.28623580932617,323618000
2023-07-06,41.81358472410437,42.14834029261051,41.31594563009927,42.07239532470703,303582000
2023-07-07,42.291234930923494,43.18258864442645,42.14933985780963,42.472103118896484,355881000
2023-07-10,42.62599220515189,42.77987958473674,41.618721733111734,42.14933776855469,353908000
2023-07-11,42.450109532436265,42.72690854272056,42.03641291485393,42.37416458129883,298244000
2023-07-12,43.001715152832105,43.903059808967086,42.74590075117866,43.87008285522461,481277000
2023-07-13,44.485630455762944,46.12143734217053,44.45964838571465,45.94356918334961,478204000
2023-07-14,46.54913208580055,48.05303894524698,45.027240569884796,45.435943603515625,772075000
2023-07-17,46.255351170399976,46.46219760945773,45.22909733231496,46.427223205566406,510488000
2023-07-18,46.66705362822586,47.86118468728201,45.700757478187484,47.459476470947266,569164000
2023-07-19,47.42949003823852,47.78323273939186,46.708014876201304,47.04277038574219,427502000
2023-07-20,46.473182138979574,47.052762218392,45.029233183931915,45.486900329589844,537865000
2023-07-21,45.754707765315004,45.83265398251241,44.067935310129315,44.27678298950195,963769000
2023-07-24,44.69848374999772,45.076211144606674,44.0079879634292,44.57957077026367,382516000
2023-07-25,44.90833520333714,46.14942918660317,44.890346731901275,45.64579772949219,348081000
2023-07-26,45.98754334626847,46.01952157703273,44.59755574079193,45.4189567565918,364237000
2023-07-27,46.48518386639015,47.36054650639366,45.71674188711987,45.866634368896484,455976000
2023-07-28,46.63407374046653,46.992813922510294,46.34728362681164,46.71601486206055,331194000
2023-07-31,46.72000592982109,47.09573198444392,46.47218515731192,46.69502258300781,251055000
2023-08-01,46.42622359131387,46.86590615971662,45.99353971547932,46.47319030761719,237858000
2023-08-02,45.79767712081911,45.80666944850336,43.35545393271358,44.236812591552734,530142000
2023-08-03,43.76815892788042,45.08520160367777,43.76815892788042,44.48263931274414,324176000
2023-08-04,44.95229288862931,45.608812879018394,44.360724265707994,44.64751434326172,362666000
2023-08-07,45.078210093853784,45.50689911921515,44.53060808479913,45.38398742675781,322154000
2023-08-08,44.82039636629239,45.209113535751534,44.023974832392284,44.631534576416016,353843000
2023-08-09,44.24181457881286,44.27978896852582,42.1033707988195,42.523067474365234,586449000
2023-08-10,42.129358062603245,43.542331834639555,41.80459350942368,42.35719299316406,492705000
2023-08-11,41.72064683355446,41.98745483103536,40.609455735906536,40.82529830932617,533085000
2023-08-14,40.456564582325726,43.76815430441539,40.28169257903262,43.721187591552734,690286000
2023-08-15,44.52760635786077,45.23509182651046,43.67822201869262,43.90805435180664,676512000
2023-08-16,44.487632483624076,44.642518572075744,43.374440183849174,43.454383850097656,527451000
2023-08-17,43.93803287430319,44.02996504043604,42.9697356160732,43.3124885559082,452395000
2023-08-18,42.60400217656772,43.546317397362685,41.62971253779868,43.267520904541016,583768000
2023-08-21,44.46165201493228,47.030782025071126,44.18985040134457,46.93285369873047,692573000
2023-08-22,48.100009595272404,48.151973748830216,45.30004819413079,45.634803771972656,755293000
2023-08-23,45.8326651084508,47.16569517353296,45.17514240626009,47.081756591796875,779046000
2023-08-24,50.17949769863766,50.229460591357814,47.12472061839676,47.12871551513672,1156044000
2023-08-25,46.97782350910496,47.7702462695261,44.99126600172495,45.98454666137695,925341000
2023-08-28,46.44821266627834,46.94585178920465,44.85537331991822,46.80095672607422,685192000
2023-08-29,46.632071231077255,49.04531628812588,46.35726964870884,48.748531341552734,701397000
2023-08-30,49.008338674508195,49.89069606305402,48.389789269751844,49.228179931640625,735206000
2023-08-31,49.34409803291717,49.70783179133412,48.92240397480696,49.319114685058594,528570000
2023-09-01,49.72581929402613,49.76378986515655,48.10699444468978,48.47372817993164,463830000
2023-09-05,48.18794226373671,48.81548788347983,47.82520719547016,48.5127067565918,382653000
2023-09-06,48.409770048373865,48.5176983121161,46.54996984821671,47.03065872192383,468670000
2023-09-07,45.495655031746296,46.314127328933516,45.122894378455285,46.2111930847168,433330000
2023-09-08,45.9123819993529,46.575951562479766,45.24181316746759,45.54261779785156,473069000
2023-09-11,46.118244364675505,46.13323408329751,44.28342961037863,45.14887237548828,473966000
2023-09-12,44.709153407474325,45.643551923371255,44.502286142152805,44.841068267822266,349256000
2023-09-13,44.571245445404095,45.90038984188142,44.474307858028645,45.4556770324707,398355000
2023-09-14,45.92037826774396,45.9573531646138,45.10190600685458,45.55161666870117,370097000
2023-09-15,45.31176938864075,45.56960248299807,43.77975673017383,43.871700286865234,506831000
2023-09-18,42.720443095064276,44.213479451862526,41.972924204170205,43.93765640258789,500271000
2023-09-19,43.80473745342954,43.937651117962965,42.97427198636258,43.491939544677734,373064000
2023-09-20,43.571891798323115,43.874697872716084,42.1957805773011,42.211769104003906,367108000
2023-09-21,41.5561956700247,42.07286070255986,40.95358372498065,40.99055862426758,450736000
2023-09-22,41.54519433277662,42.087847304445255,41.20441459488325,41.58317184448242,479236000
2023-09-25,41.56418850458507,42.508579017607495,41.15045392041829,42.19478225708008,419091000
2023-09-26,41.97392192797056,42.79239417282539,41.62814431891952,41.88397979736328,402282000
2023-09-27,42.30271271186717,42.844363114706354,41.60216441597511,42.44062042236328,444935000
2023-09-28,42.43262220486007,43.41798652388978,42.08784724239294,43.06121826171875,424663000
2023-09-29,43.7987463785024,44.11554336483788,43.27908114153103,43.4709587097168,397830000
2023-10-02,44.00161394425031,45.145876254159724,43.83272417445268,44.75313186645508,433298000
2023-10-03,44.77910527291115,45.100900048116756,43.21811221740107,43.48893737792969,470850000
2023-10-04,43.71380433905175,44.11454682903524,43.26409364811851,44.012611389160156,361821000
2023-10-05,44.021601937102886,44.87105626291606,43.859707622537925,44.6591911315918,393483000
2023-10-06,44.16450946291641,45.759481188953075,43.99761731119279,45.73249816894531,434436000
2023-10-09,44.81309065878453,45.575599261777526,44.339397209393,45.243812561035156,409675000
2023-10-10,45.280790227106074,46.22917591041197,45.05893322747722,45.76847457885742,368582000
2023-10-11,46.16621813703432,46.82879273607268,46.02031234982247,46.77582550048828,378137000
2023-10-12,46.74683912853525,47.578303395976704,46.300128752154,46.914730072021484,481325000
2023-10-13,46.92972831295685,47.08562979753359,45.25081094871752,45.43169403076172,474115000
2023-10-16,45.03394854361238,46.19519817588755,44.8830449142491,46.065284729003906,375099000
2023-10-17,43.971635905037324,44.72515146398081,42.452615298122,43.90967559814453,812333000
2023-10-18,42.563538500675094,43.19113575483381,41.79803354808787,42.168792724609375,627294000
2023-10-19,42.78340541148184,43.26909220321944,41.855003378817976,42.0738639831543,501233000
2023-10-20,41.86299127969732,42.44261916103959,41.05151453316081,41.36031723022461,477266000
2023-10-23,41.202419597162184,43.22011894655413,40.91860229657802,42.94729232788086,478530000
2023-10-24,43.049228794577566,43.66882802570082,42.66347986731124,43.634849548339844,401463000
2023-10-25,43.37002340053755,43.62186366950043,41.52821293771827,41.75206756591797,398379000
2023-10-26,41.82601906009142,42.22875913409801,39.85429143072344,40.30000305175781,541001000
2023-10-27,41.103483284155644,41.17943449809006,39.98920048176121,40.4738883972168,416784000
2023-10-30,41.06051827775502,41.73907765520457,40.454906082459445,41.13446807861328,388028000
2023-10-31,40.42392261933526,40.8526468966784,39.204707934267006,40.75370788574219,517969000
2023-11-01,40.857645026484356,42.353681706486846,40.84265530544935,42.2977180480957,437593000
2023-11-02,43.300068207297876,43.85570954416318,42.86634987139054,43.47795486450195,409172000
2023-11-03,43.99162089726106,45.27978753454021,43.694811487819166,44.97598648071289,424610000
2023-11-06,45.25580880956027,45.905391339762694,44.870056042056,45.72150802612305,400733000
2023-11-07,45.689532763842614,46.18820786112749,45.128893543055014,45.92538070678711,343165000
2023-11-08,46.07027857367067,46.83678620591324,45.93836370236791,46.543975830078125,346719000
2023-11-09,47.43639611181253,48.198904678121394,46.719859321767146,46.91973114013672,540496000
2023-11-10,47.46937232503573,48.440745708078595,47.25251319058575,48.3038330078125,421245000
2023-11-13,48.288843946075154,49.084332134936744,48.06798577140686,48.58864974975586,384136000
2023-11-14,49.64797570826254,49.80187576621573,49.00838887341186,49.62398910522461,416954000
2023-11-15,49.902809365822506,49.927790961524366,48.168927272564574,48.856483459472656,475497000
2023-11-16,48.64762624534689,49.49308165204174,48.298852158899884,49.4481086730957,339756000
2023-11-17,49.49207232670018,49.684948701072095,48.97540732164273,49.26622009277344,325205000
2023-11-20,49.28021380853264,50.515417145162935,49.14929773253739,50.37650680541992,414120000
2023-11-21,50.09368225266799,50.48442900851123,49.1902657498463,49.911800384521484,565747000
2023-11-22,49.81985852243295,50.302544998111564,47.65924993569592,48.68458938598633,899420000
2023-11-24,48.43875395222816,48.88946341849403,47.71421905232239,47.745201110839844,294645000
2023-11-27,47.769182964937485,48.49871188238506,47.62127956875629,48.210899353027344,395662000
2023-11-28,48.20490597283938,48.29185168991899,47.442397333062274,47.7901725769043,401491000
2023-11-29,48.34781498680007,48.730567513457544,47.82914854414182,48.10896682739258,382005000
2023-11-30,47.99303847449865,48.078985380939635,46.39207386383031,46.73984909057617,526247000
2023-12-01,46.495008690555146,47.169572782203616,46.15722533542331,46.7348518371582,369317000
2023-12-04,46.047291437827624,46.047291437827624,44.980978046044385,45.480655670166016,437543000
2023-12-05,45.440691049333466,46.57405868207462,45.24579990068304,46.54008102416992,371718000
2023-12-06,47.18870568926755,47.360610785418956,45.386708393351064,45.477657318115234,380590000
2023-12-07,45.67455214099108,46.603035669637734,45.57860492878931,46.57005310058594,350823000
2023-12-08,46.5690536083124,47.71441533754204,46.52407668516983,47.47954559326172,359224000
2023-12-11,47.46455720613541,47.504532035793474,45.8044827851011,46.601036071777344,509728000
2023-12-12,46.020367077736175,47.639464136950096,46.020367077736175,47.630470275878906,372387000
2023-12-13,47.60248182794816,48.5669446692335,47.58149361223289,48.06122589111328,447792000
2023-12-14,48.36305679932983,48.64289968086901,47.395597257027774,48.32307815551758,391232000
2023-12-15,48.16716233251439,49.37648760181643,48.09320222955156,48.86277389526367,479948000
2023-12-18,49.372493076088325,50.404914981750885,49.12263228888661,50.04911422729492,412587000
2023-12-19,49.396477797500886,49.67232508160953,48.867773044674685,49.576377868652344,464444000
2023-12-20,49.62734838444094,49.97115859701397,48.07121619318162,48.08420944213867,397894000
2023-12-21,48.78381779537504,49.067660031222275,48.3920339970984,48.96271896362305,300425000
2023-12-22,49.16760528234189,49.355500319360594,48.44001003124747,48.80281066894531,252507000
2023-12-26,48.9407287654443,49.572376781102484,48.93273380006729,49.251556396484375,244200000
2023-12-27,49.483437657255976,49.65234228998856,49.05767232034617,49.389488220214844,233648000
2023-12-28,49.615365377529834,49.856228529166856,49.38449116880292,49.49443054199219,246587000
2023-12-29,49.78526890876879,49.96916839780278,48.72385984794993,49.49443054199219,389293000
2024-01-02,49.216575301212856,49.26754558758411,47.568495374432075,48.14117431640625,411254000
2024-01-03,47.45855812854748,48.15716638258974,47.29364909537562,47.542510986328125,320896000
2024-01-04,47.74040114665584,48.47299471292731,47.48154648897857,47.971275329589844,306535000
2024-01-05,48.43501546755193,49.5194103643003,48.27910029347317,49.06966018676758,415039000
2024-01-08,49.48443615533453,52.24589839467499,49.45145358195024,52.223907470703125,642510000
2024-01-09,52.37182939884466,54.29475809672614,51.66122286319163,53.110416412353516,773100000
2024-01-10,53.58614782430592,54.569597281107285,53.45921582315341,54.31973648071289,533796000
2024-01-11,54.9683767860804,55.315183696465496,53.530178853161665,54.791473388671875,596759000
2024-01-12,54.58958106589039,54.93938843850723,54.29974546438518,54.67953109741211,352994000
2024-01-16,54.98736610755934,56.80335188433168,54.86943178251625,56.35060501098633,449580000
2024-01-17,56.31562456246964,56.439556064869315,54.709520939803106,56.02178955078125,474394000
2024-01-18,57.228121458897405,57.5679323320847,56.075763460461346,57.0752067565918,491650000
2024-01-19,57.95670795373914,59.46686815803494,57.1931334387279,59.4578742980957,543501000
2024-01-22,60.01556144622368,60.297405908795795,59.03710651176245,59.62078094482422,452955000
2024-01-23,59.536831763324194,59.876642607504685,58.55237959065836,59.839664459228516,294654000
2024-01-24,60.27042173718701,62.81400277309229,59.90462440869122,61.32783126831055,560271000
2024-01-25,62.31527708122234,62.6840748870048,60.816112399436015,61.58268737792969,482777000
2024-01-26,60.926057292697806,61.748600916766215,60.53927554518053,60.99701690673828,390309000
2024-01-29,61.19790260674366,62.4542026404575,60.87308662667512,62.43021774291992,348733000
2024-01-30,62.86497729318725,63.457645602005435,62.225330458008614,62.739044189453125,410735000
2024-01-31,61.40578346607499,62.234324185472055,60.66619769778631,61.49273681640625,453795000
2024-02-01,62.06541944015991,63.15581535659614,61.615673062934434,62.991905212402344,369146000
2024-02-02,63.93837399186544,66.56291110918288,63.654531745686434,66.12316131591797,476578000
2024-02-05,68.1870176350593,69.45831268504848,67.16758882386114,69.29340362548828,680078000
2024-02-06,69.59122707783612,69.71515858330277,66.26308702618283,68.18501281738281,683111000
2024-02-07,68.28095195120673,70.18089422020962,67.56235060844563,70.0599594116211,495575000
2024-02-08,70.03496848915448,70.75456869186667,69.41631758373076,69.60221099853516,414422000
2024-02-09,70.49373428612587,72.14481511205457,70.17291382776136,72.09284973144531,436637000
2024-02-12,72.55957267433736,74.56945447682682,71.21032591879988,72.20777130126953,613710000
2024-02-13,70.36080999462226,73.40910749101484,69.58124543898839,72.08784484863281,602580000
2024-02-14,73.16126189353365,74.19468299049453,71.89796545118229,73.85887145996094,504917000
2024-02-15,73.82787028335872,73.93380643951798,72.35968650824275,72.61753845214844,420122000
2024-02-16,74.05872683634956,74.36056058278803,72.46061841088577,72.57255554199219,495327000
2024-02-20,71.90692798783778,71.91592565937303,67.696276964279,69.41332244873047,704833000
2024-02-21,67.96813224619191,68.84964494727922,66.21111545956025,67.43443298339844,673755000
2024-02-22,74.98323324060954,78.53125229218321,74.17868109913526,78.49427795410156,865100000
2024-02-23,80.7450180977802,82.34812129044985,77.52680973171769,78.77311706542969,829388000
2024-02-26,79.65562156391138,80.60110162092384,78.46128722131758,79.04796600341797,503973000
2024-02-27,79.3368025112215,79.43575404356761,77.11904376268178,78.65718078613281,391705000
2024-02-28,77.57677565555984,78.88904035012949,77.0820485792693,77.6197509765625,393110000
2024-02-29,79.04995966772168,79.94545684182245,78.30637065695909,79.06794738769531,507289000
2024-03-01,79.9554544760787,82.25417684232451,79.39076663879457,82.23318481445312,479135000
2024-03-04,84.08315120139147,87.64616854479111,83.67238457234258,85.18953704833984,615616000
2024-03-05,85.22651962468665,86.05310143549691,83.37446759481172,85.920166015625,520639000
2024-03-06,87.97712182383515,89.67824984643924,86.9856232402923,88.65476989746094,582520000
2024-03-07,90.11202114454544,92.71969184649807,89.55630492024456,92.62174224853516,608119000
2024-03-08,95.08949635927887,97.35034416273697,86.46189342253078,87.4833755493164,1142269000
2024-03-11,86.38491984001777,88.75170831683343,84.12307354021831,85.73025512695312,678364000
2024-03-12,88.00411383105026,91.91311538288066,86.10607991861596,91.86614227294922,668075000
2024-03-13,91.00856657140831,91.45733510152752,88.38989990202793,90.8416519165039,635713000
2024-03-14,89.53131740403234,90.59977243652932,86.55583073162953,87.8991470336914,602318000
2024-03-15,86.88567820084742,89.500341723681,86.21302481365912,87.7922134399414,642086000
2024-03-18,90.34190203688856,92.35787164603076,87.04058518466691,88.4098892211914,668976000
2024-03-19,86.65579447616338,90.49783644933297,84.96666127835144,89.35242462158203,672171000
2024-03-20,89.75120872764549,90.36390274155225,88.17801382637771,90.32592010498047,479063000
2024-03-21,92.2529387505123,92.60076087628697,90.3589007516049,91.38837432861328,480372000
2024-03-22,91.09452364541656,94.72967008042832,90.78768098585184,94.24092102050781,586719000
2024-03-25,93.89309629655145,96.71665262612369,93.46231633076846,94.95355224609375,552136000
2024-03-26,95.8021249691622,96.32585986372577,92.4548335490284,92.51380157470703,513648000
2024-03-27,93.06452747722804,93.19246057085654,89.07756280706721,90.20398712158203,586067000
2024-03-28,89.95410001839039,91.25344006885744,89.14751238127785,90.30992126464844,435212000
2024-04-01,90.25295469319977,92.17796738530402,89.15851187965868,90.3169174194336,452441000
2024-04-02,88.4028863469108,90.04805054821496,87.57531335437362,89.40637969970703,433064000
2024-04-03,88.43888153844358,90.32791718260744,88.35492473761427,88.91863250732422,370067000
2024-04-04,90.35988689456467,90.58777505707383,85.83619439258581,85.8611831665039,434965000
2024-04-05,86.82170353525082,88.43588552210704,85.88218803532831,87.96312713623047,399678000
2024-04-08,88.65475649731144,88.7846950725735,86.68776556126254,87.08856201171875,283220000
2024-04-09,87.39740306681414,87.59030542356439,82.97965924126275,85.31046295166016,501700000
2024-04-10,83.88320224037439,87.35542960706438,83.66631003801581,86.99461364746094,431929000
2024-04-11,87.37541678298889,90.69272444380793,86.8816730383785,90.56978607177734,431637000
2024-04-12,89.65325833959419,90.1290211698629,87.48536563341473,88.14102935791016,426805000
2024-04-15,89.05256658600005,90.56679344486741,85.88518380835967,85.95714569091797,443077000
2024-04-16,86.38892843501489,88.07306685163755,86.02012091101756,87.37042999267578,370453000
2024-04-17,88.2949386437983,88.72972195798647,83.90717836732355,83.99214172363281,495400000
2024-04-18,84.92668166791294,86.14606090548644,82.35999009705611,84.6278305053711,447260000
2024-04-19,83.10760934336838,84.28100677926233,75.56745676539116,76.16114807128906,875198000
2024-04-22,78.0641671154843,80.03216479233348,76.36104131725212,79.47744750976562,596341000
2024-04-23,80.72781776562408,82.72679808163171,80.22307798101387,82.38097381591797,438559000
2024-04-24,83.90719166390734,84.03912814064545,79.14262401880819,79.6363754272461,512208000
2024-04-25,78.82777847791279,83.28050853708768,78.18311074273281,82.5898666381836,424641000
2024-04-26,83.77526671112514,88.28596627439501,83.34448669778978,87.69026947021484,551011000
2024-04-29,87.55032980991761,87.94712289586843,85.2225151665247,87.71224975585938,388971000
2024-04-30,87.19551078274068,88.77370796814891,86.2559953107839,86.35794067382812,363709000
2024-05-01,85.0336065353816,85.95613224492045,81.21354987762143,82.99864196777344,559863000
2024-05-02,84.40593290133356,86.19302312746696,83.15756927733226,85.77323913574219,377898000
2024-05-03,87.7442309865165,89.23546686580507,86.99561241116382,88.74372100830078,398341000
2024-05-06,89.3444197919577,92.17297861657092,89.00959152215785,92.093017578125,376203000
2024-05-07,91.05154141921548,91.73419176081896,88.96560776051032,90.50782012939453,437342000
2024-05-08,89.43737100980039,91.14749704338682,89.37439959760155,90.36589813232422,325721000
2024-05-09,90.48284079234612,91.02556319779642,88.18601596391863,88.70175170898438,378013000
2024-05-10,90.25895279926722,91.3543946079418,89.18149955504683,89.83216857910156,335325000
2024-05-13,90.43186737899792,90.95160653164567,88.48386356145281,90.35291290283203,289680000
2024-05-14,89.55331737042562,91.60427311943869,88.8886555026712,91.3094253540039,296507000
2024-05-15,92.42485211295921,94.81363293144179,91.55229612488634,94.58174896240234,417735000
2024-05-16,94.86160408579778,95.77013712291551,94.05500878486642,94.31088256835938,323952000
2024-05-17,94.3208822477914,94.69168763651655,91.75918564554273,92.43183898925781,359691000
2024-05-20,93.70220057081201,95.15145822277206,93.39236106775267,94.73167419433594,318764000
2024-05-21,93.55127282718048,95.35135699716334,93.1324877566636,95.33736419677734,328946000
2024-05-22,95.41032394954395,95.97103489974472,93.20145177000462,94.90158081054688,548648000
2024-05-23,101.97597026948286,106.26578136298583,101.46822609300973,103.7460708618164,835065000
2024-05-24,104.39572928386976,106.42069701496759,102.94747076428304,106.41470336914062,429494000
2024-05-28,110.1877929460902,114.88039879120554,109.82697694894155,113.84292602539062,652728000
2024-05-29,112.99234510462112,115.4330933483792,110.84443906697294,114.76643371582031,557442000
2024-05-30,114.59154239421389,115.75994504924772,109.60708571421941,110.44365692138672,484553000
2024-05-31,112.46261619518734,112.6595219559155,106.88546755499186,109.57709503173828,613263000
2024-06-03,113.56306583418551,114.94136047363281,111.94588702357191,114.94136047363281,438392000
2024-06-04,115.65700669071254,116.54055105021374,113.98685338816156,116.37763214111328,403324000
2024-06-05,118.31064561773049,122.38656157559062,117.40810617337777,122.37757110595703,528402000
2024-06-06,123.98474236351488,125.52295906565588,118.25966633915728,120.9363021850586,664696000
2024-06-07,119.70892880786865,121.62995352369373,117.96182659837903,120.82636260986328,412386000
2024-06-10,120.30862356189567,123.0372272074531,116.95033628620642,121.72789764404297,313434100
2024-06-11,121.71789374529509,122.81742917863629,118.68919144067175,120.85826873779297,222551200
2024-06-12,123.00735466296415,126.82572022932071,122.51756641163499,125.14643859863281,299595000
2024-06-13,129.3346278393984,129.74445604329242,127.10558642301991,129.55453491210938,260704500
2024-06-14,129.90441625095465,132.78317395786428,128.26511837192902,131.82359313964844,309320400
2024-06-17,132.9331153831068,133.67278906643185,129.52457044327446,130.92396545410156,288504400
2024-06-18,131.08388532556722,136.27166699428068,130.63408092847425,135.52198791503906,294335100
2024-06-20,139.74020619139688,140.69978702792184,129.46460449105635,130.72406005859375,517768400
2024-06-21,127.06562164590744,130.57412222632124,124.24682832839595,126.51585388183594,649445800
2024-06-24,123.18727368315257,124.4067529664504,117.98950138261452,118.0594711303711,476060900
2024-06-25,121.1481490132055,126.44588478591346,119.26895600052943,126.03605651855469,414192600
2024-06-26,126.07604323280044,128.06518984478126,122.54755446405669,126.34593200683594,362975900
2024-06-27,124.04691186806878,126.35592889862836,122.8674163349487,123.93695831298828,252571700
2024-06-28,124.52670811618471,127.65536639722576,122.69748913626472,123.48715209960938,315516700
2024-07-01,123.4171718460919,124.78658078052614,118.7791577829481,124.24681854248047,284885500
2024-07-02,121.07817351581278,123.35720445635805,120.97821782460922,122.61751556396484,218374000
2024-07-03,121.60795022813568,128.22511291503906,121.30807553564613,128.22511291503906,215749000
2024-07-05,127.32550112143423,128.7948810674807,125.62623147151251,125.77616882324219,214176700
2024-07-08,127.43544631776729,130.7140492483546,126.98564191819271,128.1451416015625,237677300
2024-07-09,130.29424856790877,133.76276548705792,128.59496354527897,131.3238067626953,285366600
2024-07-10,133.9726664675838,135.04221608834806,132.36335454676214,134.852294921875,248978600
2024-07-11,135.6919395597456,136.09176237835354,126.99566361078907,127.34551239013672,374782700
2024-07-12,128.20513111513003,131.86356920556344,127.16558268757724,129.18472290039062,252680500
2024-07-15,130.50412821022553,131.3337748661706,127.12557732818904,128.38504028320312,208326200
2024-07-16,128.3850428883488,128.98477699663783,124.52669397454281,126.3059310913086,214769500
2024-07-17,121.29807714631912,121.79786321418705,116.670060903269,117.93951416015625,390086200
2024-07-18,121.79786974825338,122.34763750285344,116.51013195140489,121.03819274902344,320979500
2024-07-19,120.29850995680886,121.54797517785201,117.31978914047505,117.87954711914062,217223800
2024-07-22,120.29851430002402,124.0169241522775,119.8087260510085,123.48715209960938,258068900
2024-07-23,122.72747303753543,124.63665959294896,122.04776363902835,122.53755187988281,173911000
2024-07-24,119.1190116312528,119.89867669033677,113.39146746574805,114.20111846923828,327776900
2024-07-25,112.99163342891377,116.580093681362,106.25451947131738,112.2319564819336,460067000
2024-07-26,116.14028513217615,116.1502753623964,111.53225712550028,113.0116195678711,293399100
2024-07-29,113.64135918454429,116.23024736996389,111.2523823769322,111.54225158691406,248152100
2024-07-30,111.47227535621278,111.94207545546908,102.49612232025332,103.68561553955078,486833300
2024-07-31,112.85169271533529,118.28935980657482,110.83255278301941,116.96992492675781,473174200
2024-08-01,117.47971689042026,120.10859659996095,106.76430191931924,109.16327667236328,523462300
2024-08-02,103.7155981672913,108.6734746260821,101.32662157502604,107.22409057617188,482027500
2024-08-05,92.02061773639092,103.36576873199637,90.6512086518513,100.40702819824219,552842400
2024-08-06,103.79557030996848,107.66391734722711,100.50698458680512,104.20539855957031,409012100
2024-08-07,107.76386930019544,108.75345120343057,98.64777632103673,98.86768341064453,411440400
2024-08-08,101.95635654950479,105.45485898012505,97.47827008281362,104.92508697509766,391910000
2024-08-09,105.59481125304626,106.55439969221393,103.38575750879603,104.70519256591797,290844200
2024-08-12,106.27451625816647,111.02248421974713,106.214544366382,108.97335815429688,325559900
2024-08-13,112.3918952304853,116.18027460234957,111.53226256952769,116.0903091430664,312646700
2024-08-14,118.47928439247931,118.54925413715051,114.02119356854074,118.02947998046875,339246400
2024-08-15,118.7091971963176,123.18727640390337,117.41974813678404,122.80744171142578,318086700
2024-08-16,121.88782549205811,124.94651370725,121.12814855340164,124.52669525146484,302589900
2024-08-19,124.22682769827617,129.9443817138672,123.36719502454015,129.9443817138672,318333600
2024-08-20,128.345066215563,129.82444407435935,125.83614544847738,127.19556427001953,300087400
2024-08-21,127.26552712895132,129.29466502006431,126.60581346882094,128.4450225830078,257883600
2024-08-22,129.96438511048203,130.6940685649148,123.04733950988674,123.68706512451172,376189100
2024-08-23,125.8061585348479,129.54456407840786,125.16643293270377,129.3146514892578,323230300
2024-08-26,129.51456118098446,131.20382517716885,124.31678181120705,126.4058837890625,331964700
2024-08-27,124.99650751528328,129.14472607274774,123.8270022374259,128.2451171875,303134600
2024-08-28,128.06518755846798,128.27510443502842,122.58753608006307,125.55626678466797,448101100
2024-08-29,121.30807947152184,124.37676573622443,116.66006734390899,117.53968811035156,453023300
2024-08-30,119.47886679934984,121.69791835838595,117.1698574006327,119.31893920898438,333751600
2024-09-03,115.96037175405029,116.16028314135124,107.24410104783063,107.95379638671875,477155100
2024-09-04,105.36489768479619,113.22152729745075,104.07544877334824,106.16455078125,372470300
2024-09-05,104.94507973247826,109.6030896936583,104.715182404582,107.16413116455078,306850700
2024-09-06,107.99378096807179,108.10373451971928,100.90681013303441,102.7860107421875,413638100
2024-09-09,104.83512245061276,106.50441370678206,103.64563679939363,106.42444610595703,273912000
2024-09-10,107.76386463370491,109.35318822314704,104.90508784485718,108.05374145507812,268283700
2024-09-11,109.34319126914343,117.13985668962943,107.37403301447969,116.85997772216797,441422400
2024-09-12,116.7999969846395,120.74864930591372,115.34049772061324,119.09921264648438,366052700
2024-09-13,119.03924482024104,119.9189408807045,117.55974801782453,119.05923461914062,238358300
2024-09-16,116.75002709413774,118.13955072741236,114.32085850740886,116.74002838134766,248772300
2024-09-17,118.12954900355818,118.75933823796504,114.79069593440207,115.55043029785156,231925900
2024-09-18,115.85032597194726,117.65970390167261,113.18124184177299,113.33119201660156,310318900
2024-09-19,117.30982462581498,119.6190390017094,117.20986038538442,117.82965087890625,293506400
2024-09-20,117.0199313836397,118.57940262799143,115.35050480567513,115.96029663085938,382462400
2024-09-23,116.51010886475667,116.94995306986277,114.82068489843978,116.22020721435547,206228500
2024-09-24,116.48011145817397,121.75831050299728,115.34050229413268,120.82862854003906,354966800
2024-09-25,121.9782246233193,124.8972307941946,121.56836894761845,123.46772003173828,284692900
2024-09-26,126.75659295249227,127.62629022604027,121.75830470715397,123.9975357055664,302582900
2024-09-27,123.9275641535197,123.9875411739155,119.21917738287792,121.35844421386719,271009200
2024-09-30,118.26948904999118,121.45839925706385,118.10954779878932,121.39842224121094,226553700
2024-10-01,121.72830933905863,122.39808576451375,115.7503608309228,116.95994567871094,302094500
2024-10-02,116.40014740227824,119.33913591399957,115.1005893150636,118.80931854248047,221845900
2024-10-03,120.87860561160097,124.31743049345978,120.2988023230489,122.80794525146484,277118000
2024-10-04,124.89724046778949,124.99720471642613,121.78830428645546,124.87724304199219,243678100
2024-10-07,124.94721586781675,130.5952834922112,124.90722864393703,127.67628479003906,346250200
2024-10-08,130.2153933149511,133.43429200303964,129.3756845929013,132.84449768066406,285722500
2024-10-09,134.06409064908044,134.473953954377,131.33502948270424,132.60458374023438,246191600
2024-10-10,131.86485368985453,134.9537923881041,130.95516150253064,134.76385498046875,242311300
2024-10-11,133.9641223517835,135.73352074472976,133.61425131031754,134.7538604736328,170209500
2024-10-14,136.42329237635488,139.5522259694365,136.25335239175735,138.0227508544922,232347700
2024-10-15,137.82280508502743,138.52257769243778,128.6959404665834,131.55496215820312,377831000
2024-10-16,133.93411333320594,136.57320863644674,131.53494133155561,135.67352294921875,264879700
2024-10-17,139.29229632563835,140.8417687676179,136.82314065604464,136.88311767578125,306435900
2024-10-18,138.62252759913224,138.85244459278235,137.23300404466042,137.9527587890625,176090200
2024-10-21,138.0827206747143,143.6608123779297,137.95276029474488,143.6608123779297,264554500
2024-10-22,142.86108785315807,144.37056551302095,141.73146975294682,143.5408477783203,226311600
2024-10-23,141.9813779606296,142.38123492807873,137.41295033058282,139.51222229003906,285930000
2024-10-24,140.7718017861216,141.30161913611144,138.41260905173522,140.3619384765625,172354900
2024-10-25,140.8817548130095,144.08067171203157,140.75180968215267,141.49154663085938,205122100
2024-10-28,142.95105547012693,143.09100694226274,140.00206821568727,140.47190856933594,173586700
2024-10-29,140.2419668294209,142.21129364579818,138.8524432880062,141.20164489746094,157593600
2024-10-30,139.49222584841445,140.28196395700422,136.76316465511044,139.29229736328125,179418100
2024-10-31,137.55290880572403,137.56289989167158,132.06478241439225,132.7145538330078,270039600
2024-11-01,134.65389558133728,137.26300291330367,134.52395044654537,135.35365295410156,207127800
2024-11-04,137.16303982117785,138.91244079735898,135.52360180221356,136.00343322753906,187528200
2024-11-05,137.40294177771256,140.3219403030432,137.28298774012364,139.8621063232422,160537400
2024-11-06,142.9110784725191,146.43986910531262,141.91142072377156,145.56016540527344,242043900
2024-11-07,146.33990241230273,148.87902647248674,146.11997647950326,148.8290557861328,207323300
2024-11-08,148.719046162124,149.7187036326565,146.2098961488073,147.57943725585938,175665800
2024-11-11,148.62909347800425,148.79904870323992,143.52085748188875,145.21026611328125,182325600
2024-11-12,146.7297346202135,149.59874692031187,145.95999403229789,148.2392120361328,198634700
2024-11-13,149.01896932454213,149.27887481548683,145.85004123347073,146.2199249267578,191903300
2024-11-14,147.58946625444327,148.94900137376933,145.50018526515709,146.7097625732422,194463300
2024-11-15,144.8203910682193,145.1902747512061,140.03203789439084,141.93138122558594,250132900
2024-11-18,139.45223367342163,141.50153478170088,137.10303223771245,140.1020050048828,221205300
2024-11-19,141.27163159656618,147.0796403153284,140.94174272954967,146.9596710205078,227834900
2024-11-20,147.35954130772643,147.50948385732136,142.68113546401185,145.84005737304688,309871700
2024-11-21,149.29888738883682,152.83766902515802,140.65183891204953,146.6197967529297,400946600
2024-11-22,145.88003080645086,147.10962067545384,141.05169787065546,141.90139770507812,236406200
2024-11-25,141.9413916908634,142.00136870780395,135.7735059739188,135.9734344482422,344941900
2024-11-26,137.6528702588759,139.25232877348597,135.6235662299349,136.87313842773438,190287700
2024-11-27,134.96376655836661,137.17301655731904,131.7548742168772,135.2936553955078,226370900
2024-11-29,136.7331843976686,139.30231211006736,136.0034385187834,138.2026824951172,141863200
2024-12-02,138.7824785355422,140.40191910756175,137.77282976281836,138.58255004882812,171682800
2024-12-03,138.21267485883047,140.49189330582607,137.90278339727084,140.2119903564453,164414000
2024-12-04,141.95140715914127,145.740103497805,140.24198561488052,145.09033203125,231224300
2024-12-05,145.07032934736787,146.49993108099994,143.9106428157812,145.0203399658203,172621200
2024-12-06,144.5604751692698,145.66016529709515,141.27136605108353,142.40106201171875,188505600
2024-12-09,138.93199359328304,139.91172129670065,137.0925004855475,138.77203369140625,189308600
2024-12-10,138.97197539548316,141.7812196768295,133.7534018405272,135.03306579589844,210020900
2024-12-11,137.32243273699547,140.13166176303284,135.173026862483,139.2718963623047,184905200
2024-12-12,137.0425058096826,138.40213441382414,135.76285715338648,137.30242919921875,159211400
2024-12-13,138.9020072444441,139.56183041879834,132.50374826625531,134.21328735351562,231514900
2024-12-16,134.1432941479919,134.3632351978696,130.38432800805435,131.96389770507812,237951100
2024-12-17,129.0546920799943,131.5540083659402,126.82530622422306,130.35433959960938,259410300
2024-12-18,133.82339933223892,136.6626191312432,128.2449232385065,128.874755859375,277444500
2024-12-19,131.72394769790225,133.99333094415113,129.51456085077075,130.6442413330078,209719200
2024-12-20,129.7745000485284,135.24300545668208,128.1849385069714,134.6631622314453,306528600
2024-12-23,136.2427181368804,139.75175245255647,135.08303180440205,139.6317901611328,176053500
2024-12-24,139.9617148258363,141.86118913948326,138.61207790245493,140.18165588378906,105157000
2024-12-26,139.66180603983884,140.8115008078877,137.69234337416663,139.89173889160156,116205600
2024-12-27,138.5121216661011,138.9819943823141,134.67317523350815,136.9725341796875,170582600
2024-12-30,134.79311660884966,140.2316308377207,133.98334063995796,137.452392578125,167734700
2024-12-31,137.99226367763055,138.0322612848829,133.79341493856927,134.25328063964844,155659200
2025-01-02,135.96282022937498,138.8420377745335,134.59319964236553,138.27218627929688,198247200
2025-01-03,139.9717090810043,144.86037131104774,139.69178686675932,144.4304962158203,229322500
2025-01-06,148.54936300568127,152.11839407781596,147.77958455274808,149.38912963867188,265377400
2025-01-07,152.98814312185272,153.08812187242287,139.97169998670535,140.10166931152344,351782200
2025-01-08,142.54101155921632,143.91063203422854,137.5223800692543,140.07168579101562,227349900
2025-01-10,137.41242079266553,139.88174676307978,134.18330808313058,135.8728485107422,207602500
2025-01-13,129.95446851982027,133.4535116815908,129.4745887600242,133.19357299804688,204808900
2025-01-14,136.01278831507346,136.3426998783518,130.01442953826418,131.7239532470703,195590500
2025-01-15,133.61345527658474,136.4126928345012,131.25409986764885,136.2027587890625,185217300
2025-01-16,138.60208327625168,138.7120538029648,133.4534978315376,133.53347778320312,209235600
2025-01-17,136.65262268416788,138.46212527408701,135.4229633158422,137.67234802246094,201188800
2025-01-21,139.12194717769367,141.7912151745994,137.05250594430132,140.79148864746094,197749000
2025-01-22,144.62045561465226,147.74958954273308,143.6307207753195,147.02980041503906,237651400
2025-01-23,145.01034368405638,147.1897403093082,143.6807055002306,147.17974853515625,155915500
2025-01-24,148.32943710709068,148.92927919460303,141.8412209584346,142.5810089111328,234657600
2025-01-27,124.7658794397831,128.3648859520762,116.668088091544,118.38761901855469,818830900
2025-01-28,121.77668294561497,128.96471894622445,116.21820602712087,128.95472717285156,579666400
2025-01-29,126.46540553655986,126.85529827150769,120.01717249490751,123.66616821289062,467120600
2025-01-30,123.06634928896763,124.96583145250756,118.06771603086733,124.61592864990234,392925500
2025-01-31,123.74615511454752,127.81504199868698,119.15741376372098,120.03717041015625,388161100
2025-02-03,114.71862375628316,118.53757894355685,112.97910166242248,116.62810516357422,371235700
2025-02-04,116.92801344303115,121.16685177317855,116.66808241089754,118.6175537109375,256550000
2025-02-05,121.7267002537778,124.96581196424484,120.72697375806385,124.79586029052734,262230800
2025-02-06,127.38515593926263,128.7347928917548,125.17576116570511,128.64480590820312,251483600
2025-02-07,129.184663567943,130.3343429768511,124.96581638636985,129.8044891357422,228186300
2025-02-10,130.05441853152416,134.96307937585763,129.92446445785666,133.53347778320312,216989100
2025-02-11,132.54376130884148,134.4432358451655,130.9841901729766,132.76370239257812,178902400
2025-02-12,129.98445236307722,132.203846559633,129.04470695043977,131.10414123535156,160278600
2025-02-13,131.52401516963508,136.46266649297655,131.13412244698262,135.25299072265625,197430000
2025-02-14,136.44266486168982,139.21191146517995,135.46293718873886,138.81202697753906,195479600
2025-02-18,141.23137649622348,143.40078131766987,137.89227816645598,139.36187744140625,219176600
2025-02-19,139.47184726600554,141.32134750878612,137.18248014952957,139.19192504882812,167536000
2025-02-20,139.991705837455,140.62153843760984,136.7525863640224,140.07168579101562,143903600
2025-02-21,140.0017008694862,141.42132600995674,133.99334973043614,134.3932342529297,228217600
2025-02-24,136.52266681200447,138.55211066034528,130.04444248958205,130.244384765625,251381100
2025-02-25,129.94445760453814,130.16439867421266,124.40597902043103,126.59537506103516,271428700
2025-02-26,129.95446947322534,133.69343728770713,128.4548795357506,131.24411010742188,322553800
2025-02-27,134.96308744670299,134.9730792207777,119.97718824289691,120.11714935302734,443175800
2025-02-28,117.98772650698133,125.05579305607802,116.36817434407594,124.8858413696289,389091100
2025-03-03,123.47622912906817,123.66617198823369,112.2492965435478,114.02880859375,411381400
2025-03-04,110.6197462594264,119.27737437091366,110.07989299750376,115.95828247070312,398163300
2025-03-05,117.54784364725772,118.24764914601728,114.4786835987416,117.2679214477539,284337900
2025-03-06,113.49895407905146,115.31845609620828,110.18986163701831,110.53976440429688,321181900
2025-03-07,111.21957864470976,113.44897220636766,107.5305852358904,112.65918731689453,341755500
2025-03-10,109.8699441866197,111.81940781621753,105.43115607331026,106.95074462890625,366487400
2025-03-11,106.960734969355,112.20929903890595,104.74134094243277,108.73025512695312,354865700
2025-03-12,114.09930053195751,116.73882100614277,112.85951998498375,115.71900177001953,323857500
2025-03-13,117.00876245655117,117.73863334670654,113.76935252443205,115.55902862548828,299033100
2025-03-14,118.58847644066721,121.85787967708788,118.12856083227834,121.64791870117188,277593500
2025-03-17,122.71772499646224,122.86769930249316,118.00858060635532,119.50830841064453,255501500
2025-03-18,117.97858323274161,118.99839474842913,114.51921213127834,115.40904998779297,299686900
2025-03-19,117.24871023501531,120.42813331851431,115.65900250727064,117.49866485595703,273426200
2025-03-20,116.5288475567653,120.17817892707569,116.44886024718888,118.50848388671875,248829700
2025-03-21,116.91877807414131,117.96858292451893,115.39904967929496,117.67863464355469,266498500
2025-03-24,119.85824123014483,122.19782052957932,119.31833831489072,121.38796997070312,228452500
2025-03-25,120.52812446850508,121.26798803028822,118.89841541478116,120.66809844970703,167447200
2025-03-26,118.70845626054094,118.81842927999459,112.68954449720724,113.7393569946289,293463300
2025-03-27,111.32978747025457,114.42922326739314,110.63991789836862,111.40977478027344,236902100
2025-03-28,111.46976244373079,112.84951685583745,109.0502035041368,109.65009307861328,229872500
2025-03-31,105.11091847763528,110.93986229194257,103.63119133667838,108.3603286743164,299212700
2025-04-01,108.50030342775528,110.17999886185885,106.45068001979016,110.13001251220703,222614000
2025-04-02,107.2705266243207,111.95967777974947,106.77061737970816,110.39995574951172,220601200
2025-04-03,103.49122110695384,105.61083156865355,101.58156399912866,101.78153228759766,338769400
2025-04-04,98.89205625014841,100.11182847125419,92.09328707213024,94.29288482666016,532273800
2025-04-07,87.444123819458,101.73153089146867,86.60427995314998,97.62227630615234,611041300
2025-04-08,103.79115551332612,105.83078615825814,94.44285411172834,96.28252410888672,476243400
2025-04-09,98.87204993981901,115.07910675948129,97.51229618216108,114.30924987792969,612918300
2025-04-10,109.35015243101728,110.83987986480561,99.13200610877084,107.55047607421875,437812400
2025-04-11,108.4803070767672,111.52975654810143,107.46049556472005,110.90986633300781,313417300
2025-04-14,114.08928762467488,114.26925525660798,109.05020155855789,110.68990325927734,264705000
2025-04-15,110.94986159507806,113.59938217981927,110.4799456735416,112.17963409423828,228966900
2025-04-16,104.53103311878802,106.77062454919468,100.4317709352981,104.47103881835938,397016900
2025-04-17,104.43104243972901,104.45104308202083,100.03184700877077,101.4715805053711,292517500
2025-04-21,98.75207336541831,99.42195758129023,95.02275450080649,96.89241790771484,288501100
2025-04-22,98.76207440379943,99.79188628205247,97.26234659010818,98.87205505371094,241004800
2025-04-23,104.5010295750129,104.78098517141211,102.00148324580945,102.69136047363281,247526000
2025-04-24,103.46121375263034,106.52065568558213,103.09127819009328,106.41067504882812,220815000
2025-04-25,106.83061166162848,111.89969145813895,105.71081975581805,110.98986053466797,251064700
2025-04-28,109.67009093365705,110.3499678015911,106.00075133412535,108.71026611328125,207708500
2025-04-29,107.65046012276234,110.1799998026459,107.42050613077843,109.00021362304688,170444300
2025-04-30,104.45104108413872,108.90023040771484,104.06111247501677,108.90023040771484,235044600
2025-05-01,113.05947899879722,114.9191420385801,111.27980327057723,111.5897445678711,236121500
2025-05-02,114.15928352450368,115.37906338859757,113.34943293159324,114.4792251586914,190194800
2025-05-05,112.88951601094917,114.64919116473993,112.63956137373921,113.79934692382812,133163200
2025-05-06,111.45977773347964,114.71918078517231,110.79989381468877,113.51940155029297,158525600
2025-05-07,113.02949042053457,117.65864757290291,112.25962586336117,117.03875732421875,206758800
2025-05-08,118.22854670795566,118.658469001105,115.82898059800607,117.34870910644531,198428100
2025-05-09,117.32869985728382,118.20854502226882,115.18908887008638,116.62882995605469,132972200
2025-05-12,121.94787211512306,122.9776840209961,120.25817629208265,122.9776840209961,225023300
2025-05-13,124.95732666651305,131.19619232916256,124.44741706637032,129.9064178466797,330430100
2025-05-14,133.17581874633882,135.4154176381041,131.65609038206884,135.3154296875,281180800
2025-05-15,134.2656162138544,136.2752611112406,132.6359224746836,134.80552673339844,226632600
2025-05-16,136.19528579014883,136.32526708518697,133.43579205010155,135.37542724609375,226542500
2025-05-19,132.36596428610483,135.84532822832756,132.36596428610483,135.54539489746094,193154600
2025-05-20,134.26562607401144,134.55558199625042,132.59593092987555,134.35562133789062,161514200
2025-05-21,133.0358430493297,137.3750515435132,130.56629021032253,131.7760772705078,270608700
2025-05-22,132.20599574301846,134.22563338103308,131.52612648714359,132.80589294433594,187344000
2025-05-23,129.97641506418768,132.65592152877483,129.13657112060253,131.26617431640625,198821300
2025-05-27,134.1256417936587,135.63537744884945,133.2857979393918,135.47540283203125,192953600
2025-05-28,136.00531758419635,137.22509744866613,134.76553707682788,134.78553771972656,304021100
2025-05-29,142.22419152756274,143.46397204605128,137.88498259688382,139.1647491455078,369241900
2025-05-30,138.6948289010735,139.59465948344436,132.8958783257386,135.10548400878906,333170900
2025-06-02,135.46541564458173,138.09492795630163,135.37542038395227,137.35507202148438,197663100
2025-06-03,138.75480693174418,141.97422364617418,137.9249557656252,141.19436645507812,225578800
2025-06-04,142.1641966028205,142.36415725393297,139.5146683935161,141.8942413330078,167120800
2025-06-05,142.14419665233672,143.97386636815438,138.80480646885346,139.964599609375,231397900
2025-06-06,142.4841247816278,143.24399658328852,141.4843063108272,141.69427490234375,153986200
2025-06-09,143.16402192873528,144.97369107987248,141.91424872977086,142.6041259765625,185114500
2025-06-10,142.66410985007164,144.26381035974757,141.50431668274294,143.9338836669922,155881900
2025-06-11,144.59379466225064,144.97375695921582,141.85409623212945,142.81399536132812,167694000
2025-06-12,141.9540901919345,144.98374938964844,141.83410852298076,144.98374938964844,162365000
2025-06-13,142.4640236398758,143.5639064320885,140.83421673860605,141.95408630371094,180820600
2025-06-16,143.33393622751285,146.16360555156524,143.18394388862185,144.6737823486328,183133700
2025-06-17,144.4738049491523,145.20371882793046,143.7638778428329,144.1038360595703,139108000
2025-06-18,143.9938476821936,145.63366319028128,143.10394808189747,145.46368408203125,161494100
2025-06-20,145.43368901636921,146.1836049259659,142.63399990245927,143.83387756347656,242956200
2025-06-23,142.48402812138661,144.76377135076248,142.01407957999888,144.15383911132812,154308900
2025-06-24,145.54367367470394,147.94341367999496,145.4836828445603,147.88340759277344,187566100
2025-06-25,149.25328072295656,154.43269305532343,149.24327207878133,154.29270935058594,269146500
2025-06-26,155.9625083392563,156.70243086817015,153.98273459501658,155.00262451171875,198145700
2025-06-27,156.02250005395288,158.69221415352254,155.24258871826237,157.73231506347656,263234500
2025-06-30,158.38224776867892,158.6422284044636,155.94253394670602,157.97230529785156,194580300
2025-07-01,156.27249233706732,157.18239409932116,151.47304203431221,153.2828369140625,213143600
2025-07-02,152.962850389823,157.58234297497486,152.95285700312823,157.2323760986328,171224100
2025-07-03,158.35225101493015,160.96195919540767,157.7523273944205,159.3221435546875,143716100
2025-07-07,158.18227071828886,159.29214695363126,157.3223664705724,158.22227478027344,140139000
2025-07-08,159.31214783171163,160.20204749093682,158.3722507239072,159.98207092285156,138133000
2025-07-09,161.20193770023792,164.40157611225678,161.14194686393122,162.86175537109375,183656400
2025-07-10,164.30159583301895,164.48156834124046,161.5918927660757,164.0816192626953,167704100
2025-07-11,163.70165728031435,167.87118822352508,163.4516852914618,164.90151977539062,193633300
2025-07-14,165.35146259057728,165.4714595173457,162.00184716942397,164.05162048339844,136975800
2025-07-15,171.17081299302788,172.38066881478494,169.18103056842588,170.6808624267578,230627400
2025-07-16,171.04083672550954,171.73076187811773,168.88107501049606,171.35079956054688,158831500
2025-07-17,172.00073538495315,174.1404950617398,170.81086624213197,172.98062133789062,160841100
2025-07-18,173.62054394819432,174.23047621121117,171.24080573231237,172.39068603515625,146456400
2025-07-21,172.73065099594356,173.36058531454748,170.9808470061149,171.36080932617188,123126100
2025-07-22,171.32080634495316,171.37080379639445,164.5615689540832,167.01129150390625,193114300
2025-07-23,169.511004310231,171.24080620570157,167.95118153678195,170.7608642578125,154082200
2025-07-24,172.42067791171223,173.81052153075,171.28080627636527,173.7205352783203,128984600
2025-07-25,173.59054858813744,174.70042482917586,172.9406275198062,173.48056030273438,122316800
2025-07-28,174.00050427681666,176.98016607778243,173.9505068282037,176.73019409179688,140023500
2025-07-29,177.94006357342778,179.35990260986108,175.00039060425894,175.49032592773438,154077500
2025-07-30,176.49022309733303,179.869849375745,176.0202745228646,179.2499237060547,174312200
2025-07-31,182.87950237318685,183.2794667127293,175.9102820488597,177.85006713867188,221685400
2025-08-01,174.07048465468185,176.52020701181988,170.8708463561498,173.70053100585938,204529000
2025-08-04,175.14037394842856,180.17980241597786,174.500446281802,179.97982788085938,148174600
2025-08-05,179.59986897635343,180.23979665506658,175.8802845759961,178.24002075195312,156407600
2025-08-06,176.31023710297544,179.87982901005608,176.23024423927978,179.39988708496094,137192300
2025-08-07,181.54966930117607,183.85940811228025,178.7799753024853,180.749755859375,151878400
2025-08-08,181.52965464990967,183.27945850723472,180.3797743894202,182.6795196533203,123396700
2025-08-11,182.02960317073044,183.8193958765311,180.22980182096376,182.0395965576172,138323200
2025-08-12,182.9395060522284,184.4593247511904,179.43989822709233,183.1394805908203,145485700
2025-08-13,182.59953978080497,183.9493946696141,179.329917039869,181.5696563720703,179871700
2025-08-14,179.7298534235828,182.99949119039164,179.43989264021437,181.99960327148438,129554000
2025-08-15,181.85962676701382,181.87961354108583,178.02004541114613,180.42977905273438,156602200
2025-08-18,180.57976314427117,182.91949719839158,180.56975450061333,181.98959350585938,132008000
2025-08-19,182.4095478886331,182.47954736718557,175.47033846497254,175.6203155517578,185229200
2025-08-20,175.1503706193276,175.9802794498554,168.7810892510499,175.38034057617188,215142700
2025-08-21,174.83041312567687,176.88017120538285,173.79052111986658,174.96038818359375,140040900
2025-08-22,172.59066018618677,178.56998587344157,171.18081451068767,177.97006225585938,172789400
2025-08-25,178.33002804439553,181.88962682620624,176.5502286534902,179.78985595703125,163012800
2025-08-26,180.0398187111229,182.36955942503778,178.78995879531527,181.7496337890625,168688200
2025-08-27,181.95959791056248,182.46955051009175,179.07993109949993,181.57965087890625,235518900
2025-08-28,180.79974711518173,184.44933204343067,176.39023757757423,180.14981079101562,281787800
2025-08-29,178.09004428153852,178.130033086625,173.13059331145078,174.1604766845703,243257900
2025-09-02,169.980952871088,172.36069109354864,167.20126556823303,170.7608642578125,231164900
2025-09-03,171.0408442884315,172.3906992342715,168.86109570238054,170.60089111328125,164424900
2025-09-04,170.55090333056648,171.8407521362954,169.39102958990665,171.64077758789062,141670100
2025-09-05,168.01117837826322,169.0110663720669,164.05163046676552,167.0012969970703,224441400
2025-09-08,167.53122834914853,170.940849905597,167.33125381142952,168.2911376953125,163769100
2025-09-09,169.0710489481518,170.96083655380463,166.7213214317911,170.74085998535156,157548400
2025-09-10,176.62020974984335,179.26990675759993,175.45034266016896,177.3101348876953,226852000
2025-09-11,179.66999584989978,180.26996857097555,176.4701769393558,177.16014099121094,151159300
2025-09-12,177.76010410307373,178.59005971058946,176.44017029123495,177.8101043701172,124911000
2025-09-15,175.66021109761542,178.84004186496986,174.50027206258352,177.74009704589844,147061600
2025-09-16,176.99014687805604,177.49011904437822,174.37029760906842,174.87026977539062,140737800
2025-09-17,172.63039291663662,173.1903593144249,168.40063256525568,170.280517578125,211843800
2025-09-18,173.9703101424577,177.09014682532762,172.95037791227023,176.23019409179688,191763300
2025-09-19,175.7602124903078,178.07008136373162,175.17023376194967,176.66015625,237182100
2025-09-22,175.29024236301854,184.53972732383275,174.70027887607205,183.5997772216797,269637000
2025-09-23,181.9598706713119,182.409842567533,176.20019683221489,178.42005920410156,192559600
2025-09-24,179.75999113536878,179.76998508551358,175.39022416770254,176.96014404296875,143564100
2025-09-25,174.47028665549124,180.24996380236055,173.12037093203185,177.68011474609375,191586700
2025-09-26,178.16008106951017,179.75999811527313,174.920255917913,178.18008422851562,148573700
2025-09-29,180.4199550960203,183.98976381560166,180.30997586310093,181.8398895263672,193063500
2025-09-30,182.06986121505474,187.3395719841704,181.4698885277926,186.56961059570312,236981000
2025-10-01,185.22969505995906,188.12952754318238,183.88975804814035,187.22958374023438,173844900
2025-10-02,189.5894532800495,191.0393695238543,188.04953044946197,188.87948608398438,136805800
2025-10-03,189.1794627061203,190.34939569471342,185.36967740169,187.6095428466797,137596900
2025-10-06,185.48967202648717,187.21957143407985,183.31979467524326,185.5296630859375,157678100
2025-10-07,186.21962980709273,189.0494741147918,183.9897582054133,185.02969360351562,140088000
2025-10-08,186.55962017208088,189.58945025835604,186.52960780500513,189.09947204589844,130168900
2025-10-09,192.21928773885006,195.28912405123697,191.04935474353755,192.5592803955078,182997200
2025-10-10,193.49922565779727,195.6091088464203,182.0398719523004,183.14981079101562,268774400
2025-10-13,187.9595379156231,190.09941818271824,185.94965529464977,188.3095245361328,153482800
2025-10-14,184.75971529942103,184.78971240822688,179.68999030007896,180.0199737548828,205641400
2025-10-15,184.7897166440438,184.85970481354866,177.2801249034248,179.8199920654297,214450500
2025-10-16,182.21985578014733,183.26980040587233,179.76000120804414,181.7998809814453,179723300
2025-10-17,180.16996892604442,184.08976427610557,179.74000017155936,183.20980834960938,173135200
2025-10-20,183.1198152646831,185.18969215276272,181.71988400794234,182.6298370361328,128544700
2025-10-21,182.77981647710283,182.77981647710283,179.78999271004406,181.14991760253906,124240200
2025-10-22,181.1299112106735,183.42978616900905,176.7501502622395,180.26995849609375,162249600
2025-10-23,180.40994799999942,183.01980322210497,179.7799782111653,182.1498565673828,111363700
2025-10-24,183.8297551720498,187.45955783835475,183.48977777431884,186.24961853027344,131296700
2025-10-27,189.979423148828,191.98930570001696,188.41949722334647,191.47933959960938,153452700
2025-10-28,193.03926234185508,203.1386912540773,191.89932637827522,201.01881408691406,297986200
2025-10-29,207.96842303697136,212.1781954922272,204.76860414707738,207.02847290039062,308829600
2025-10-30,205.1385766163601,206.1485301715792,201.39879452489242,202.8787078857422,178864400
2025-10-31,206.43850017947892,207.95841980607935,202.05875446792163,202.47872924804688,179802200
2025-11-03,208.06841462190084,211.32822759164594,205.5485506791992,206.8684844970703,180267300
2025-11-04,202.98869740675082,203.9586446199207,197.9189723693821,198.67893981933594,188919300
2025-11-05,198.75894188581304,202.90870481768462,194.63916080574026,195.1991424560547,171350300
2025-11-06,196.40906647995496,197.60899664277025,186.3696319662745,188.0695343017578,223029800
2025-11-07,184.8897071775586,188.3095303364016,178.90005019006267,188.1395263671875,264942300
2025-11-10,195.09914200543773,199.9288750287355,193.7792081445882,199.03892517089844,198897100
2025-11-11,195.14913483203398,195.40911485928362,191.28934919242405,193.1492462158203,176483300
2025-11-12,195.70910637927892,195.87909508520013,191.1193655455878,193.78921508789062,154935300
2025-11-13,191.03936321053533,191.42934088057365,183.8397672401686,186.84959411621094,207423100
2025-11-14,182.8498180673128,190.99935813210442,180.56994624954729,190.15940856933594,186591900
2025-11-17,185.95964506857126,188.98947511566342,184.30974305565786,186.58961486816406,173628900
2025-11-18,183.36979105504545,184.7897101334883,179.63998782140993,181.3498992919922,213598900
2025-11-19,184.7796984316032,187.8495347223247,182.8198161698128,186.50961303710938,247246400
2025-11-20,195.9390891568929,195.9890894251709,179.83999453744622,180.62994384765625,343504800
2025-11-21,181.22991004695137,184.54971718190046,172.92036011460985,178.8700408935547,346926200
2025-11-24,179.48001348627363,183.4897847612219,176.47017128450955,182.5398406982422,256618300
2025-11-25,174.90026276869568,178.15008177330986,169.54056066153746,177.8101043701172,320600300
2025-11-26,181.61988829154,182.8998157763143,178.2300777211247,180.2499542236328,183852000
2025-11-28,179.0000253919654,179.28000857805475,176.49017066740046,176.99014282226562,121332800
2025-12-01,174.75027181562072,180.28997214473748,173.67033006996684,179.9099884033203,188131000
2025-12-02,181.74987648908228,185.6496685428864,179.98997995570696,181.4499053955078,182632200
2025-12-03,181.06992440272873,182.43984327721986,179.1000328161426,179.5800018310547,165138000
2025-12-04,181.6199951171875,184.52000427246094,179.9600067138672,183.3800048828125,167364900
2025-12-05,183.88999938964844,184.66000366210938,180.91000366210938,182.41000366210938,143971100
2025-12-08,182.63999938964844,188.0,182.39999389648438,185.5500030517578,204378100
2025-12-09,185.55999755859375,185.72000122070312,183.32000732421875,184.97000122070312,144719700
2025-12-10,184.97000122070312,185.47999572753906,182.0399932861328,183.77999877929688,162785400
2025-12-11,180.27999877929688,181.32000732421875,176.6199951171875,180.92999267578125,182136600
2025-12-12,181.11000061035156,182.82000732421875,174.6199951171875,175.02000427246094,204274900
2025-12-15,177.94000244140625,178.4199981689453,175.02999877929688,176.2899932861328,164775600
2025-12-16,176.25999450683594,178.49000549316406,174.89999389648438,177.72000122070312,148588100
2025-12-17,176.10000610351562,176.1300048828125,170.30999755859375,170.94000244140625,222775500
2025-12-18,174.52999877929688,176.14999389648438,171.82000732421875,174.13999938964844,176096000
2025-12-19,176.6699981689453,181.4499969482422,176.33999633789062,180.99000549316406,324925900
2025-12-22,183.9199981689453,184.16000366210938,182.35000610351562,183.69000244140625,129064400
2025-12-23,182.97000122070312,189.3300018310547,182.89999389648438,189.2100067138672,174873600
2025-12-24,187.94000244140625,188.91000366210938,186.58999633789062,188.61000061035156,65528500
2025-12-26,189.9199981689453,192.69000244140625,188.0,190.52999877929688,139740300
2025-12-29,187.7100067138672,188.75999450683594,185.91000366210938,188.22000122070312,120006100
2025-12-30,188.24000549316406,188.99000549316406,186.92999267578125,187.5399932861328,97687300
2025-12-31,189.57000732421875,190.55999755859375,186.49000549316406,186.5,120100500
2026-01-02,189.83999633789062,192.92999267578125,188.25999450683594,188.85000610351562,148240500
2026-01-05,191.75999450683594,193.6300048828125,186.14999389648438,188.1199951171875,183529700
2026-01-06,190.52000427246094,192.1699981689453,186.82000732421875,187.24000549316406,176862600
2026-01-07,188.57000732421875,191.3699951171875,186.55999755859375,189.11000061035156,153543200
2026-01-08,189.11000061035156,189.5500030517578,183.7100067138672,185.0399932861328,172457000
2026-01-09,185.0800018310547,186.33999633789062,183.6699981689453,184.86000061035156,131327500
2026-01-12,183.22000122070312,187.1199951171875,183.02000427246094,184.94000244140625,137968500
2026-01-13,185.0,188.11000061035156,183.39999389648438,185.80999755859375,160128900
2026-01-14,184.32000732421875,184.4600067138672,180.8000030517578,183.13999938964844,159586100
2026-01-15,186.5,189.6999969482422,186.3300018310547,187.0500030517578,206188600
2026-01-16,189.0800018310547,190.44000244140625,186.0800018310547,186.22999572753906,187967200
2026-01-20,181.89999389648438,182.3800048828125,177.61000061035156,178.07000732421875,223345300
2026-01-21,179.0500030517578,185.3800048828125,178.39999389648438,183.32000732421875,200381000
2026-01-22,184.75,186.1699981689453,183.92999267578125,184.83999633789062,139636600
2026-01-23,187.5,189.60000610351562,186.82000732421875,187.6699981689453,142748100
2026-01-26,187.16000366210938,189.1199951171875,185.99000549316406,186.47000122070312,124799600
2026-01-27,187.24000549316406,190.0,185.6999969482422,188.52000427246094,143711600
2026-01-28,191.27000427246094,192.35000610351562,189.83999633789062,191.52000427246094,148552700
2026-01-29,191.33999633789062,193.47999572753906,186.05999755859375,192.50999450683594,171764400
2026-01-30,191.2100067138672,194.49000549316406,189.47000122070312,191.1300048828125,179489500
2026-02-02,187.1999969482422,190.3000030517578,184.8800048828125,185.61000061035156,165794100
2026-02-03,186.24000549316406,186.27000427246094,176.22999572753906,180.33999633789062,204019600
2026-02-04,179.4600067138672,179.5800018310547,171.91000366210938,174.19000244140625,207014100
2026-02-05,174.92999267578125,176.82000732421875,171.02999877929688,171.8800048828125,206312900
2026-02-06,176.69000244140625,187.0,174.60000610351562,185.41000366210938,231346200
2026-02-09,184.25999450683594,193.66000366210938,183.9499969482422,190.0399932861328,196387400
2026-02-10,191.3800048828125,192.47999572753906,188.1199951171875,188.5399932861328,136764800
2026-02-11,192.4499969482422,193.25999450683594,188.77000427246094,190.0500030517578,144192700
2026-02-12,193.02999877929688,193.61000061035156,186.50999450683594,186.94000244140625,189932500
2026-02-13,187.47999572753906,187.5,181.58999633789062,182.80999755859375,161888000
2026-02-17,181.75,187.14999389648438,179.17999267578125,184.97000122070312,162276900
2026-02-18,188.75,190.3699951171875,186.75999450683594,187.97999572753906,164749100
2026-02-19,187.05999755859375,188.42999267578125,185.66000366210938,187.89999389648438,126554500
2026-02-20,186.57000732421875,190.3300018310547,185.94000244140625,189.82000732421875,178422300
2026-02-23,191.39999389648438,193.9499969482422,189.5800018310547,191.5500030517578,171584800
2026-02-24,191.49000549316406,193.77000427246094,187.39999389648438,192.85000610351562,175123600
2026-02-25,194.4499969482422,197.6300048828125,193.7899932861328,195.55999755859375,250637100
2026-02-26,194.27000427246094,194.2899932861328,184.32000732421875,184.88999938964844,360807900
2026-02-27,181.25,182.58999633789062,176.3800048828125,177.19000244140625,310523200
